{"loss_tr": [0.03423208576440811, 0.033918820444742835, 0.033898064557711285, 0.033886677487691245, 0.03387861294746399, 0.03386912196477254, 0.033866003092130025, 0.03386153320471446, 0.03385831448237101, 0.03385371474822362, 0.03385097415447235, 0.0338498458981514, 0.03384645774364471, 0.03384271409114202, 0.033842025391260785, 0.03384353222846985, 0.0338428923924764, 0.03384149724245072, 0.03384157211383184, 0.03384044527212779, 0.03383953667879105, 0.033837511118253075, 0.033838380777835846, 0.03383668625354767, 0.03383643887837728, 0.03383696043093999, 0.03383587059577306, 0.033835040771961214, 0.03383544142246246, 0.03383065282901128, 0.03383544091383616, 0.033831678823630015, 0.03383409428199132, 0.033831474618117016, 0.0338301472345988, 0.0338323358019193, 0.033833285335699716, 0.03383098016182581, 0.03383195598920186, 0.033830413349469506, 0.03383186034361521, 0.033830138897895816, 0.03383140892585119, 0.0338297461827596, 0.033830330614248914, 0.03383084758520127, 0.03382957539161047, 0.033831616882483165, 0.03383040581146876, 0.03382824532190959], "loss_te": [0.0340523045539856, 0.03402819377183914, 0.033999256908893584, 0.034000687968730924, 0.03398122547864914, 0.03397662875652313, 0.03396786239147186, 0.03399438693523407, 0.03397898308038712, 0.03397890856266022, 0.03397357918024063, 0.033962920987606046, 0.033961830484867096, 0.03397041014432907, 0.033964507150650025, 0.033960749447345735, 0.033954127645492556, 0.03396226468086243, 0.0339572083234787, 0.03395672430992126, 0.03396005231142044, 0.033953952300548554, 0.033972097063064574, 0.033961976373195646, 0.03395755763053894, 0.03396688451766968, 0.03396684899330139, 0.03395881950855255, 0.03395589390993118, 0.03396223956346512, 0.03395029273033142, 0.03395901473760605, 0.033958265590667724, 0.03396164486408234, 0.03394456557035446, 0.033952045845985414, 0.033957481944561003, 0.033947516989707945, 0.03395488450527191, 0.033956529903411865, 0.033957506334781645, 0.033952141118049624, 0.03394867408275604, 0.03395750077962875, 0.033958336865901946, 0.03395405662059784, 0.03396526651382446, 0.03396912429332733, 0.03395972706079483, 0.03395202941894531], "acc_tr": [0.7230833333333333, 0.81495, 0.8454833333333334, 0.8641, 0.877, 0.8860666666666667, 0.8947666666666667, 0.90095, 0.9046666666666666, 0.9087333333333333, 0.9141333333333334, 0.9185166666666666, 0.9214666666666667, 0.9246, 0.9270333333333334, 0.9292, 0.9301666666666667, 0.93195, 0.9336666666666666, 0.9355166666666667, 0.93675, 0.9395333333333333, 0.93995, 0.94065, 0.9411666666666667, 0.9430333333333333, 0.9439, 0.9449333333333333, 0.9453666666666667, 0.9466166666666667, 0.9456, 0.94735, 0.9475833333333333, 0.9494, 0.9505, 0.9504333333333334, 0.9511, 0.9528, 0.9535666666666667, 0.9541166666666666, 0.9535833333333333, 0.9548833333333333, 0.95545, 0.9552, 0.95575, 0.9545833333333333, 0.9564, 0.9564666666666667, 0.9568666666666666, 0.9583], "acc_te": [0.8042, 0.8422, 0.8698, 0.8804, 0.8937, 0.8994, 0.9042, 0.9095, 0.9121, 0.9085, 0.9227, 0.923, 0.9236, 0.929, 0.9325, 0.9315, 0.9336, 0.9337, 0.9378, 0.9403, 0.9419, 0.9403, 0.9426, 0.9421, 0.9437, 0.9447, 0.9449, 0.9468, 0.9463, 0.9481, 0.9474, 0.9467, 0.9481, 0.9485, 0.9521, 0.9511, 0.9516, 0.9521, 0.9512, 0.9534, 0.9534, 0.9513, 0.9524, 0.953, 0.9551, 0.9551, 0.9539, 0.9553, 0.9557, 0.9553]}