{"loss_tr": [0.034270320483048754, 0.03392129867474238, 0.033904252020517986, 0.03388830352624257, 0.03387849841117859, 0.03387141631444295, 0.03386738798220952, 0.033858546070257824, 0.03385547028382619, 0.033857518633206685, 0.0338544481197993, 0.03384912966092427, 0.03384773115317027, 0.03384555255572001, 0.03384327622652054, 0.03384387971162796, 0.033841323971748355, 0.033842199528217314, 0.03384073272943497, 0.03384174472888311, 0.03383926941951116, 0.03383527441422145, 0.03383772300084432, 0.03383834806283315, 0.03383675278822581, 0.03383694161176681, 0.03383409705559413, 0.03383476124604543, 0.033831459136803944, 0.033833605043093365, 0.033833040583133696, 0.03382977461417516, 0.03383067097663879, 0.03383538902997971, 0.03383252274195353, 0.03383203257322311, 0.033835141797860464, 0.03382926700512568, 0.03383105934858322, 0.03383114959398906, 0.03383157828648885, 0.03383050328890483, 0.033831153019269304, 0.03382935042381287, 0.03382980507214864, 0.03382998768488566, 0.033829804682731626, 0.03382947564125061, 0.033827214511235555, 0.03382945762077967], "loss_te": [0.034047918701171874, 0.03402640986442566, 0.03401646283864975, 0.03400075470209122, 0.03400004861354828, 0.03399601639509201, 0.033995107102394104, 0.03398409286737442, 0.03397613189220428, 0.033975142872333525, 0.033980185627937316, 0.03396744006872177, 0.03398057656288147, 0.03396643314361572, 0.03397000380754471, 0.033962929236888886, 0.033970168113708496, 0.03397022889852524, 0.03397129620313644, 0.033977692890167235, 0.033969824457168576, 0.033974246072769165, 0.03397158385515213, 0.033955837285518646, 0.03396651130914688, 0.033950774240493774, 0.03396046853065491, 0.033957222032546995, 0.03395029321908951, 0.03395099526643753, 0.03395328209400177, 0.03395532888174057, 0.033953817880153656, 0.03395164030790329, 0.03395653023719788, 0.033953402769565585, 0.03396372739076614, 0.03395882179737091, 0.03395093278884888, 0.03396410944461822, 0.03395956109762192, 0.03395910878181457, 0.033963476073741915, 0.03394717495441437, 0.03396878595352173, 0.033962772047519685, 0.03395432391166687, 0.03396007291078568, 0.03396856343746185, 0.033953815364837645], "acc_tr": [0.6966666666666667, 0.8123, 0.8420666666666666, 0.86585, 0.87725, 0.8888166666666667, 0.8939833333333334, 0.89965, 0.9057, 0.9088666666666667, 0.9128666666666667, 0.9166333333333333, 0.9198333333333333, 0.9231666666666667, 0.9252833333333333, 0.9265166666666667, 0.9286333333333333, 0.93215, 0.9337833333333333, 0.9359, 0.9368166666666666, 0.9395666666666667, 0.9412666666666667, 0.9415833333333333, 0.94165, 0.9440333333333333, 0.94595, 0.9468833333333333, 0.9481166666666667, 0.9475666666666667, 0.94905, 0.9493666666666667, 0.9507, 0.9512833333333334, 0.9519166666666666, 0.9534, 0.9514166666666667, 0.9547166666666667, 0.9547333333333333, 0.9552833333333334, 0.9562, 0.9570166666666666, 0.9563833333333334, 0.95735, 0.95885, 0.9592333333333334, 0.9593333333333334, 0.9595666666666667, 0.9607, 0.9613666666666667], "acc_te": [0.795, 0.8327, 0.865, 0.8768, 0.8862, 0.8993, 0.9002, 0.9042, 0.9107, 0.9131, 0.9145, 0.9227, 0.9227, 0.9254, 0.9211, 0.9297, 0.9297, 0.931, 0.9356, 0.934, 0.9365, 0.9388, 0.9411, 0.94, 0.9442, 0.9462, 0.944, 0.9465, 0.9491, 0.9477, 0.9472, 0.9498, 0.9503, 0.9474, 0.9494, 0.9504, 0.9476, 0.9522, 0.9535, 0.9546, 0.9529, 0.9528, 0.9526, 0.9545, 0.956, 0.957, 0.9553, 0.957, 0.9564, 0.9565], "times": [2.637998342514038, 1.301499366760254, 1.256500244140625, 1.2854998111724854, 1.3159995079040527, 1.3219990730285645, 1.336500644683838, 1.3345000743865967, 1.3114991188049316, 1.3309991359710693, 1.3329992294311523, 1.3359992504119873, 1.3264999389648438, 1.3204996585845947, 1.3074994087219238, 1.3204996585845947, 1.305999517440796, 1.3094995021820068, 1.3274991512298584, 1.3774967193603516, 1.374500036239624, 1.417999029159546, 1.3414998054504395, 1.3384990692138672, 1.3604989051818848, 1.3889992237091064, 1.3419990539550781, 1.3514986038208008, 1.3650000095367432, 1.3685002326965332, 1.3604989051818848, 1.3619990348815918, 1.3259990215301514, 1.3294992446899414, 1.3639988899230957, 1.4504988193511963, 1.404998779296875, 1.3194990158081055, 1.3354997634887695, 1.3704986572265625, 1.3409996032714844, 1.3509981632232666, 1.3429999351501465, 1.3569982051849365, 1.3389990329742432, 1.4399986267089844, 1.3960001468658447, 1.3579978942871094, 1.5209989547729492, 1.4044992923736572]}