{"loss1": [155.8499384880066, 51.42167844772339, 44.30249931812286, 43.9003643155098, 42.00174528360367, 39.703588247299194, 40.4334940135479, 38.969304198026656, 40.7251662671566], "loss2": [157.71227675584632, 51.634654280835036, 44.42542315177493, 43.99326525949128, 42.07563035229292, 39.76379593099347, 40.487976489888055, 39.01691407721686, 40.77092964286602], "acc_tr": [0.96337890625, 0.9638671875, 0.96142578125, 0.962890625, 0.9697265625, 0.97265625, 0.96875, 0.96728515625, 0.970703125], "acc_te": [0.8875, 0.9087, 0.912, 0.9219, 0.9274, 0.9304, 0.9331, 0.9326, 0.9355], "time": [2.816505193710327, 2.6210055351257324, 2.6169989109039307, 2.5894830226898193, 2.5710384845733643, 2.5649592876434326, 2.5614609718322754, 2.5613579750061035, 2.4994633197784424]}