{"loss1": [7.488169751564661, 4.055138190835715, 3.780315992732843, 4.141070340573788, 3.690218708415826, 3.7536567326635124, 3.6680087828387817, 3.9202230303237835, 3.9906966970612605, 3.748299304395914, 3.0857890912642083, 3.8334633729110164, 3.332465851182739, 2.951759308328231, 3.493475199614962, 3.123650539542238, 3.772068367525935, 3.538862397521734, 2.842736655473709, 3.1039703321332732, 2.9389283233632644, 2.986481291428208, 2.730789592365424, 2.9204413132742046, 2.84184272394826, 2.752476190030575, 2.8178627194836734, 2.680661078169942, 2.731297065752248, 2.8559300117815534, 2.540991794752578, 2.6346827948465945, 2.5981631885593135, 2.827501592040062, 2.578391892525057, 2.5579557195926705, 2.3346551560486355, 2.6416406688590843, 2.3594236373280486, 2.5536938096086184, 2.6489843466008702, 2.3137607810397944, 2.034891682273398, 2.4702285955970487, 2.685305877837042, 2.574815681328376, 2.7678284950554373, 3.0793360227098066, 2.732551623384158, 2.698506492438416, 2.77032047342509, 2.501842472081383, 2.4165850021565953, 2.693071146743993, 2.677264176681638, 2.3425840927908816, 2.5845999641343953, 2.4296363905693092, 2.632829900458455, 2.277615646645427, 2.1618638900729517, 2.2032214888371526, 2.2640750335839885, 2.6443504575639962, 2.7292321923499308, 2.3095106340323883, 2.347800090846916, 2.602199174153308, 2.6613818110898135, 2.314419427700341, 2.406736849124233, 2.377852379903197, 2.3436776684907574, 2.082734313576172, 2.1507989968173207, 2.1912547931385538, 2.0181386515498163, 2.179154444796344, 2.1862869516946377, 2.5601212551817296, 2.1795313926103215, 2.269887198600918, 2.0324922824588914, 1.9125633894465863, 2.118052376713604, 2.2695055776896575, 2.03277949988842, 1.8437021338691315, 2.1708359504429002, 2.3805937501601875, 2.208282408149292, 2.0507015322645503, 2.2303477039250237, 2.311352399829775, 2.2911080536743005, 2.6456727270036935, 2.1824154731196663, 2.1353890606202186, 1.9198176107369362, 2.327297741205742], "loss2": [8.091181871185576, 4.173442158717077, 3.8599453115020825, 4.207563846067249, 3.737544279709772, 3.8022551006103695, 3.7081977684515226, 3.9583021263539897, 4.025124230870365, 3.7788871190522357, 3.1085082873263676, 3.85917639360476, 3.3526015242151836, 2.969851840360531, 3.513913137341859, 3.141147209853012, 3.790812835726074, 3.555699332962608, 2.856591238853913, 3.1180905681951687, 2.9511203959990646, 2.9995917406347017, 2.741129128418527, 2.9318849240953058, 2.852388412839965, 2.7625054117637853, 2.8280177785843024, 2.6896291758815662, 2.7410970593397974, 2.8665442404681785, 2.549728031873725, 2.6431661912017064, 2.606098980537772, 2.836306004554518, 2.5864559801310634, 2.565645129022187, 2.341724326951267, 2.648923472682601, 2.3658839586553797, 2.560589916638193, 2.6561538025778395, 2.3198404154547436, 2.040182203053819, 2.4767562996148107, 2.692006902037664, 2.5819818510867396, 2.7748768254701526, 3.086838438152252, 2.738977527955275, 2.704499211850353, 2.7769721187076053, 2.5073520888591285, 2.422040909909982, 2.699625976896724, 2.6830317118479647, 2.3477699096473534, 2.590053407777327, 2.4348318104875557, 2.6385031914839887, 2.282357799455042, 2.166519170424769, 2.2077998965214616, 2.2687691021390566, 2.6500495803819453, 2.734623926959668, 2.3141600388033066, 2.352619517889614, 2.607336671561929, 2.666085348603237, 2.318845997259473, 2.4112912188745756, 2.38247134611552, 2.3482016807382182, 2.086708458832237, 2.1545899724793167, 2.1953717755942193, 2.0217200280854093, 2.1828005977778107, 2.1901757259826287, 2.564649382946166, 2.1834222952525884, 2.2738787726696104, 2.035760426673363, 1.9158219150554643, 2.121799758314208, 2.2736734188281997, 2.0360702501469805, 1.8467410782216371, 2.1746549113798554, 2.38445669230589, 2.2121053066020187, 2.053945557636467, 2.234089873381658, 2.314791964775534, 2.294724782399312, 2.649940385753456, 2.1858102425752928, 2.1386174009296686, 1.9229239752067155, 2.330636318516257], "acc_tr": [1.0, 1.0, 1.0, 1.0, 1.0, 0.9921875, 1.0, 1.0, 1.0, 1.0, 1.0, 1.0, 1.0, 1.0, 1.0, 1.0, 1.0, 1.0, 1.0, 1.0, 1.0, 1.0, 1.0, 1.0, 1.0, 1.0, 1.0, 1.0, 1.0, 1.0, 1.0, 1.0, 1.0, 1.0, 1.0, 1.0, 1.0, 1.0, 1.0, 1.0, 1.0, 1.0, 1.0, 1.0, 1.0, 1.0, 1.0, 1.0, 1.0, 1.0, 1.0, 1.0, 1.0, 1.0, 1.0, 1.0, 1.0, 1.0, 1.0, 1.0, 1.0, 1.0, 1.0, 1.0, 1.0, 1.0, 1.0, 1.0, 1.0, 1.0, 1.0, 1.0, 1.0, 1.0, 1.0, 1.0, 1.0, 1.0, 1.0, 1.0, 1.0, 1.0, 1.0, 1.0, 1.0, 1.0, 1.0, 1.0, 1.0, 1.0, 1.0, 1.0, 1.0, 1.0, 1.0, 1.0, 1.0, 1.0, 1.0, 1.0], "acc_te": [0.7378, 0.7788, 0.7756, 0.7821, 0.8029, 0.8056, 0.8217, 0.8118, 0.8188, 0.8282, 0.8205, 0.8249, 0.8367, 0.831, 0.8265, 0.8232, 0.8279, 0.8478, 0.8583, 0.8558, 0.8438, 0.8636, 0.8709, 0.8567, 0.8559, 0.8775, 0.8844, 0.87, 0.875, 0.8676, 0.8698, 0.8715, 0.8788, 0.88, 0.8767, 0.8797, 0.875, 0.8823, 0.8768, 0.8831, 0.8845, 0.8857, 0.8827, 0.8898, 0.8822, 0.8873, 0.8964, 0.885, 0.893, 0.8868, 0.8946, 0.8935, 0.8944, 0.8949, 0.899, 0.8978, 0.9068, 0.894, 0.8994, 0.9045, 0.9038, 0.8983, 0.9075, 0.9028, 0.9016, 0.9065, 0.909, 0.9036, 0.9104, 0.913, 0.9088, 0.9109, 0.9054, 0.9106, 0.9129, 0.9163, 0.9111, 0.9075, 0.9102, 0.9099, 0.9123, 0.9113, 0.9136, 0.9108, 0.9088, 0.9084, 0.9123, 0.9196, 0.9125, 0.9047, 0.9114, 0.9092, 0.9125, 0.9159, 0.9148, 0.9117, 0.9125, 0.918, 0.9169, 0.9135], "time": [3.0289254188537598, 2.9599556922912598, 2.9155001640319824, 2.909536123275757, 2.8998782634735107, 2.9455013275146484, 2.9330689907073975, 2.8990366458892822, 2.958496332168579, 2.9184670448303223, 2.9374985694885254, 2.891956329345703, 2.894503593444824, 2.894418716430664, 2.9015378952026367, 2.882293701171875, 2.89050030708313, 2.8746557235717773, 2.87153697013855, 2.889498472213745, 2.8875811100006104, 2.8850393295288086, 2.890948534011841, 2.884500503540039, 2.8820371627807617, 2.920498847961426, 2.9790775775909424, 2.948500394821167, 2.9214537143707275, 2.92549991607666, 2.9194962978363037, 2.9095048904418945, 2.9010331630706787, 2.8994996547698975, 2.8985376358032227, 2.9129977226257324, 2.9104597568511963, 2.898069381713867, 2.902956962585449, 2.904557943344116, 2.907996654510498, 2.9164624214172363, 2.9068119525909424, 2.8974106311798096, 2.90445613861084, 2.891995429992676, 2.923081636428833, 2.9344568252563477, 2.9159960746765137, 2.937422752380371, 2.9484992027282715, 2.9549200534820557, 2.9529612064361572, 2.9460039138793945, 2.928452968597412, 2.924496650695801, 2.923997163772583, 2.939039707183838, 2.9714977741241455, 2.9769999980926514, 2.970963954925537, 2.939499616622925, 2.957048177719116, 2.958456039428711, 2.9375364780426025, 2.932004928588867, 2.9530858993530273, 2.9514169692993164, 2.938007354736328, 2.9424989223480225, 2.970458507537842, 2.9479591846466064, 2.945502519607544, 2.925001382827759, 2.91741943359375, 2.9349565505981445, 2.9410035610198975, 2.968968629837036, 2.9972879886627197, 2.918041467666626, 2.809495687484741, 2.8679964542388916, 2.8380069732666016, 2.8130393028259277, 2.834589719772339, 2.8430728912353516, 2.833998918533325, 2.841031789779663, 2.8280391693115234, 2.83141827583313, 2.822463035583496, 2.8270769119262695, 2.819998025894165, 2.8609368801116943, 2.8420426845550537, 2.881967544555664, 2.8360702991485596, 2.8471250534057617, 2.9684808254241943, 3.0199592113494873]}