{"loss1": [1767.9320375297964], "loss2": [1771.699264948382], "acc_tr": [0.9539333333333333], "acc_te": [0.9465], "time": [61.00527620315552]}