{"loss1": [2.921054421843825, 1.9787006445742494, 2.044551644694135, 1.9751076968395682, 1.8424780002814685, 2.0684119843635016, 1.8577016161280517, 1.7938135415777772, 1.760537349706677, 1.6493399155333222], "loss2": [3.0861756760838466, 2.0140029932954633, 2.07131499945591, 1.9981399983593793, 1.8628815280113562, 2.0889096277200188, 1.8757548145777894, 1.810698421202804, 1.775587572384117, 1.6629309527600014], "acc_tr": [1.0, 1.0, 1.0, 1.0, 1.0, 1.0, 1.0, 1.0, 1.0, 1.0], "acc_te": [0.7303, 0.7277, 0.7728, 0.7808, 0.7795, 0.7891, 0.7892, 0.8023, 0.8072, 0.8077], "time": [15.124000787734985, 14.884494543075562, 14.903989553451538, 14.908069610595703, 14.899027109146118, 14.94040584564209, 14.961486101150513, 15.096340417861938, 15.084410429000854, 14.905823945999146]}