{"loss1": [340.78409512837726, 109.01499594582452, 90.72089123725891, 86.42631067170038, 85.1172751320733], "loss2": [343.1907833479298, 109.25050857126091, 90.85304319494531, 86.52439256766826, 85.19826149188839], "acc_tr": [0.946533203125, 0.947265625, 0.952392578125, 0.9580078125, 0.957275390625], "acc_te": [0.9072, 0.9242, 0.9302, 0.9346, 0.9353], "time": [2.884495496749878, 2.762415647506714, 2.8069651126861572, 2.750458002090454, 2.750995635986328]}