{"loss1": [489.347412109375, 188.96254094441733, 148.86199124654135, 135.94188006718954, 127.12544790903728, 124.22795009613037, 121.88055245081584, 118.20596392949422, 117.71937815348308, 117.21322679519653, 114.75830634435017, 115.20863517125447, 114.9237224260966, 114.8795895576477, 114.87447579701741, 111.96413580576579, 115.50307337443034, 109.97652101516724, 110.59099610646565, 105.77700185775757, 111.16199843088786, 109.87237517038982, 107.20002603530884, 108.33105134963989, 108.07011429468791, 109.17343505223592, 110.29795503616333, 108.94870440165202, 108.71837139129639, 104.84088500340779, 103.54686752955119, 106.0122667948405, 106.23486677805583, 103.8412052790324, 107.86191813151042, 107.65281295776367, 105.4576187133789, 104.95654741923015, 107.01244195302327, 105.21701288223267, 105.15730301539104, 103.1722510655721, 105.93028752009074, 103.9729528427124, 101.84667142232259, 105.96149444580078, 105.25257730484009, 103.32018025716145, 102.69955126444499, 103.14811976750691], "loss2": [492.4251745386095, 189.27307187770086, 149.01637373661333, 136.0450658786423, 127.20341981850959, 124.29263462687838, 121.9367488312779, 118.25474640231748, 117.76453583361224, 117.25399578468644, 114.79633115046863, 115.24464602850283, 114.95730002491489, 114.91121533684327, 114.904779003057, 111.99261091321848, 115.53091539505733, 110.00251399689098, 110.61594335461443, 105.80002549422943, 111.18554323636158, 109.89469514626133, 107.22120897491068, 108.35171961975016, 108.09029956952456, 109.19312286958284, 110.31762130251802, 108.96756134182753, 108.73641668235716, 104.85807919396545, 103.56320055776739, 106.02909761552822, 106.25105636469398, 103.85667565855283, 107.87764690437741, 107.66820315838625, 105.47241014797078, 104.97074625432576, 107.02676217202038, 105.23082893809146, 105.17085310199377, 103.18538448167244, 105.94336952365597, 103.98567744605778, 101.85875981453803, 105.97381117469187, 105.2647585795977, 103.33200495306248, 102.71113648085186, 103.15930119997772], "acc_tr": [0.92822265625, 0.926025390625, 0.93408203125, 0.935791015625, 0.944091796875, 0.94140625, 0.94873046875, 0.9521484375, 0.948974609375, 0.953369140625, 0.94775390625, 0.953369140625, 0.951171875, 0.95556640625, 0.9521484375, 0.961181640625, 0.956298828125, 0.959716796875, 0.955810546875, 0.961181640625, 0.952392578125, 0.956787109375, 0.956787109375, 0.959228515625, 0.958984375, 0.958251953125, 0.95458984375, 0.9580078125, 0.95703125, 0.962158203125, 0.963134765625, 0.959716796875, 0.9609375, 0.961669921875, 0.958984375, 0.958251953125, 0.960205078125, 0.961669921875, 0.9619140625, 0.95849609375, 0.961181640625, 0.967041015625, 0.9619140625, 0.964111328125, 0.9619140625, 0.961181640625, 0.961181640625, 0.962890625, 0.9638671875, 0.963623046875], "acc_te": [0.8963, 0.9097, 0.9182, 0.9242, 0.9269, 0.9305, 0.9328, 0.9367, 0.9382, 0.9382, 0.939, 0.9394, 0.941, 0.9424, 0.9422, 0.9426, 0.943, 0.9419, 0.9437, 0.9448, 0.946, 0.9453, 0.9459, 0.946, 0.9462, 0.9473, 0.9467, 0.9479, 0.9473, 0.9469, 0.9475, 0.9472, 0.9476, 0.9472, 0.9469, 0.9475, 0.9479, 0.9475, 0.9474, 0.9476, 0.948, 0.9478, 0.9478, 0.9482, 0.9481, 0.9483, 0.9485, 0.9488, 0.949, 0.9478], "time": [2.9494986534118652, 1.8300347328186035, 1.8300423622131348, 1.8264992237091064, 1.8299989700317383, 1.8300299644470215, 1.8275413513183594, 1.8289968967437744, 1.8259990215301514, 1.8284597396850586, 1.8270783424377441, 1.8344531059265137, 1.8355748653411865, 1.8354580402374268, 1.834498643875122, 1.8354637622833252, 1.8384981155395508, 1.8379969596862793, 1.838498592376709, 1.8439974784851074, 1.8434998989105225, 1.8465774059295654, 1.844409704208374, 1.843998670578003, 1.8460023403167725, 1.8444600105285645, 1.8442707061767578, 1.8454983234405518, 1.8489580154418945, 1.846496343612671, 1.851999282836914, 1.8545727729797363, 1.8557775020599365, 1.8574984073638916, 1.8585753440856934, 1.858574390411377, 1.8610002994537354, 1.8570013046264648, 1.858499526977539, 1.8615005016326904, 1.860037088394165, 1.859497308731079, 1.8594985008239746, 1.8589997291564941, 1.8589997291564941, 1.8635008335113525, 1.8654193878173828, 1.8689165115356445, 1.8675355911254883, 1.8689956665039062]}