{"loss1": [27.57902765274048, 14.279737408955892, 11.427781637509664, 12.719551793734233, 10.666854127248127, 10.788930320739746, 10.514164288838705, 10.317664861679077, 9.996818375587463, 10.104890163739523, 10.368825642267863, 9.507479596138001, 9.49662369887034, 8.454277086257935, 9.406091817220052, 8.776331305503845, 9.655611069997152, 8.783303383986155, 8.973482251167297, 8.82872531414032, 8.520670862992604, 8.925581630071004, 7.729936695098877, 8.351355556646983, 8.446287600199382, 7.605071810881297, 8.26969183286031, 8.026648020744323, 7.289801744620005, 7.841786185900371, 8.607905435562134, 7.86702956755956, 8.63377034664154, 7.253360037008921, 8.017783991495769, 7.7423561374346415, 7.827499556541443, 7.787282971541087, 7.081959927082062, 7.061150085926056, 6.699922092755636, 7.276669685045878, 6.831436562538147, 8.19897701740265, 8.065824468930563, 7.041396005948385, 7.285384249687195, 6.866015450159709, 7.391685775915781, 6.914979489644368, 7.854028113683065, 7.305873918533325, 7.471880221366883, 7.293839339415232, 7.440766644477844, 7.969666675726573, 7.273126455148061, 7.8470493912696835, 7.641972784201304, 7.394512804349263, 7.666722118854523, 6.697358481089274, 6.818348979949951, 6.185414584477742, 7.877960050106049, 6.709555061658223, 7.083828655878703, 7.585410515467326, 6.518194870154063, 7.074528149763743, 6.841781338055928, 6.512796119848887, 5.935180389881134, 6.978424274921418, 7.7621601541837055, 6.882332448164622, 7.121819512049357, 7.054468091328939, 6.09162704149882, 6.240404144922892, 6.612226891517639, 7.135126956303915, 7.099523893992106, 7.381095095475515, 7.316880957285563, 6.738132421175639, 6.8530936479568485, 5.9508374293645225, 6.771809196472168, 6.610527288913727, 6.577831133206685, 6.28784989118576, 6.184441443284353, 6.575471723079682, 6.041262487570445, 7.000502034028371, 6.788249723116556, 7.305439897378286, 6.351831897099813, 7.035076363881429], "loss2": [28.785674261613096, 14.52069618893078, 11.562436869836663, 12.835585707861918, 10.746864319253692, 10.859826668145706, 10.575444979721533, 10.3736274113422, 10.044873869635616, 10.147127352378709, 10.4105439777017, 9.541982213153657, 9.529606692157307, 8.479398769175285, 9.43404446992369, 8.800686188441485, 9.680951885673531, 8.804478931033065, 8.993961538376091, 8.848332890791061, 8.5387661995013, 8.943835269068794, 7.744635421112551, 8.36702588574127, 8.461638248198724, 7.618713673268754, 8.2835109469707, 8.039787356611178, 7.3008100602059995, 7.853477016959176, 8.6201147181336, 7.877821988586326, 8.64485058764036, 7.262401279633931, 8.027635508516704, 7.751545173017254, 7.8370489903876885, 7.795966486241257, 7.089844462416493, 7.068979692251498, 6.707089383785668, 7.284325306383349, 6.838606111622827, 8.207191050614927, 8.073691756125193, 7.04814359976242, 7.292560094393451, 6.8724291868522505, 7.398260822181929, 6.9212987570965145, 7.86111725113608, 7.312315188684295, 7.478194827233247, 7.300028588908216, 7.446566950603563, 7.9764087429530885, 7.278933044439964, 7.853012289449589, 7.647686176648515, 7.400000406350039, 7.6723464057273265, 6.702108800149308, 6.823164599370985, 6.189756114013431, 7.883534263747271, 6.714094304959074, 7.088717425702947, 7.590764598560055, 6.522588347509097, 7.079195636272124, 6.845960571703082, 6.51688593117053, 5.938870344859166, 6.982585494267195, 7.767204086458827, 6.886491196334186, 7.1260350722831225, 7.058673136204146, 6.095108232298835, 6.244098301478013, 6.616052202658945, 7.139093226373268, 7.103506695737531, 7.385290683100611, 7.320958354846417, 6.742023683921902, 6.856863867182553, 5.953949894135874, 6.7752932488092075, 6.614062558435236, 6.5813907023625, 6.291129392480696, 6.187675194053679, 6.578816283347604, 6.0443799284412965, 7.004092353879155, 6.7915859659144635, 7.308867009010001, 6.354986360061966, 7.0385407724643905], "acc_tr": [0.96484375, 0.95703125, 0.94140625, 0.9140625, 0.9609375, 0.95703125, 0.95703125, 0.95703125, 0.96484375, 0.9375, 0.9609375, 0.96484375, 0.9453125, 0.98046875, 0.953125, 0.9765625, 0.9453125, 0.96875, 0.97265625, 0.9765625, 0.98046875, 0.96484375, 0.9765625, 0.96875, 0.98046875, 0.9765625, 0.95703125, 0.9765625, 0.98046875, 0.95703125, 0.9609375, 0.98046875, 0.9609375, 0.98046875, 0.97265625, 0.984375, 0.9609375, 0.97265625, 0.97265625, 0.98046875, 0.9765625, 0.95703125, 0.98046875, 0.96875, 0.96875, 0.98046875, 0.984375, 0.97265625, 0.97265625, 0.9765625, 0.97265625, 0.96875, 0.98828125, 0.96484375, 0.98046875, 0.96484375, 0.96484375, 0.9765625, 0.98828125, 0.98046875, 0.97265625, 0.98046875, 0.98046875, 0.99609375, 0.9765625, 0.9921875, 0.96875, 0.97265625, 0.9765625, 0.9609375, 0.97265625, 0.98046875, 0.9921875, 0.984375, 0.96484375, 0.98046875, 0.96484375, 0.984375, 0.98828125, 0.9921875, 0.98828125, 0.95703125, 0.9765625, 0.984375, 0.9765625, 0.984375, 0.98046875, 0.98046875, 0.9765625, 0.984375, 0.98828125, 0.9921875, 0.9921875, 0.98828125, 0.9921875, 0.97265625, 0.98046875, 0.96875, 0.984375, 0.97265625], "acc_te": [0.7733, 0.8123, 0.8315, 0.8566, 0.8553, 0.8588, 0.8641, 0.869, 0.8731, 0.8719, 0.8778, 0.882, 0.8812, 0.8795, 0.8839, 0.8884, 0.892, 0.8893, 0.8948, 0.8958, 0.8969, 0.9024, 0.9012, 0.9032, 0.9026, 0.9042, 0.9036, 0.9024, 0.904, 0.906, 0.9093, 0.9099, 0.9096, 0.911, 0.9112, 0.9112, 0.9112, 0.912, 0.9089, 0.9112, 0.9131, 0.9167, 0.915, 0.9151, 0.9134, 0.9149, 0.9157, 0.9165, 0.9182, 0.9181, 0.9205, 0.917, 0.9188, 0.9182, 0.919, 0.9207, 0.9211, 0.9195, 0.9238, 0.9233, 0.9238, 0.9242, 0.9265, 0.9259, 0.9221, 0.9246, 0.9265, 0.9282, 0.9273, 0.9263, 0.9261, 0.9253, 0.9277, 0.9272, 0.9282, 0.9289, 0.9283, 0.9288, 0.9303, 0.9288, 0.9281, 0.9297, 0.9282, 0.9306, 0.933, 0.9319, 0.9318, 0.9303, 0.9304, 0.9323, 0.9314, 0.932, 0.9328, 0.9333, 0.9345, 0.9278, 0.9294, 0.9335, 0.9323, 0.934], "time": [1.5600008964538574, 1.5234980583190918, 1.48699951171875, 1.5014972686767578, 1.496001958847046, 1.4839982986450195, 1.4825000762939453, 1.4899990558624268, 1.490962028503418, 1.4865009784698486, 1.485541582107544, 1.490999698638916, 1.4864976406097412, 1.4774997234344482, 1.473992109298706, 1.471411943435669, 1.4674971103668213, 1.479417324066162, 1.4844977855682373, 1.4699580669403076, 1.4690005779266357, 1.4704608917236328, 1.4829998016357422, 1.472499132156372, 1.4729971885681152, 1.4769997596740723, 1.4795615673065186, 1.478499412536621, 1.4684991836547852, 1.4665045738220215, 1.4790427684783936, 1.4829621315002441, 1.4819974899291992, 1.484956979751587, 1.4825060367584229, 1.4854989051818848, 1.485459804534912, 1.4895014762878418, 1.4854991436004639, 1.4870374202728271, 1.4864997863769531, 1.4804997444152832, 1.4859580993652344, 1.4870014190673828, 1.4890382289886475, 1.486501932144165, 1.4899990558624268, 1.4875028133392334, 1.486041784286499, 1.4849812984466553, 1.4864511489868164, 1.4870400428771973, 1.4844989776611328, 1.4865021705627441, 1.4854967594146729, 1.4909987449645996, 1.486001968383789, 1.4855365753173828, 1.4880001544952393, 1.4924190044403076, 1.486039638519287, 1.487041711807251, 1.4855437278747559, 1.486499547958374, 1.4859979152679443, 1.4845387935638428, 1.4864206314086914, 1.4859979152679443, 1.4874589443206787, 1.4875001907348633, 1.4840011596679688, 1.4869565963745117, 1.4875357151031494, 1.4820361137390137, 1.4969968795776367, 1.4949157238006592, 1.4959983825683594, 1.4974985122680664, 1.4994983673095703, 1.4924981594085693, 1.49900221824646, 1.4962406158447266, 1.4985411167144775, 1.4924237728118896, 1.4945001602172852, 1.498497486114502, 1.4969980716705322, 1.49796462059021, 1.494537115097046, 1.4934592247009277, 1.4969983100891113, 1.488997459411621, 1.5000016689300537, 1.5060014724731445, 1.4949581623077393, 1.4959135055541992, 1.492034912109375, 1.4914159774780273, 1.4960391521453857, 1.4820001125335693]}