{"loss1": [104.15492375691731, 44.96690136591594, 37.58639780680338, 35.23359022140503, 33.07019542058309, 29.99531946182251, 29.54025173187256, 30.12717227935791, 29.02885578473409, 26.497129011154176, 27.96863562266032, 27.986680618921916, 26.90043354034424, 27.663608598709107, 25.72882450421651, 26.380731598536173, 26.405791823069254, 26.28783694903056, 25.683204793930052, 25.38489230473836, 25.97809871037801, 23.83493514060974, 25.5867147286733, 24.731787474950156, 26.24654000600179], "loss2": [105.93240283768708, 45.24899776926232, 37.73962626311417, 35.344003291297646, 33.15303496906156, 30.059145091778138, 29.594679705323447, 30.175439095274154, 29.071479060037472, 26.53230638346688, 28.001598374209802, 28.01728696171889, 26.92868365963223, 27.690164513327613, 25.753155606580034, 26.403842352231422, 26.427851572520574, 26.308732186340013, 25.702233039045534, 25.403568543006607, 25.99606384863404, 23.85109391889065, 25.60315818706493, 24.747056314242393, 26.26246908712442], "acc_tr": [0.935546875, 0.9267578125, 0.943359375, 0.9375, 0.9482421875, 0.9619140625, 0.9599609375, 0.9501953125, 0.9560546875, 0.9716796875, 0.9658203125, 0.9638671875, 0.9609375, 0.953125, 0.9658203125, 0.9599609375, 0.96484375, 0.9609375, 0.9775390625, 0.9697265625, 0.9697265625, 0.9658203125, 0.9609375, 0.9716796875, 0.9658203125], "acc_te": [0.8479, 0.8777, 0.8917, 0.8971, 0.9045, 0.9086, 0.9126, 0.9149, 0.9167, 0.9197, 0.9208, 0.9234, 0.9276, 0.927, 0.9256, 0.9288, 0.9276, 0.9305, 0.931, 0.9336, 0.9333, 0.9322, 0.9326, 0.9342, 0.9343], "time": [1.8515009880065918, 1.7214617729187012, 1.7219996452331543, 1.7244994640350342, 1.7189972400665283, 1.708000659942627, 1.6999599933624268, 1.6904997825622559, 1.6959984302520752, 1.6905012130737305, 1.6830008029937744, 1.6724638938903809, 1.6740357875823975, 1.6794533729553223, 1.6805047988891602, 1.6849570274353027, 1.6845176219940186, 1.6810405254364014, 1.6804990768432617, 1.682504653930664, 1.6789991855621338, 1.6839983463287354, 1.6790385246276855, 1.6825001239776611, 1.6840386390686035]}