{"loss1": [64.71318838119507, 24.12322237968445, 22.428776500225066, 20.457047481536865, 19.53610260128975, 20.14392743110657, 19.251828607320785, 19.044444737434386, 18.33063076376915, 19.58573239326477, 18.178016691207887, 16.9381391620636, 17.92620693564415, 17.025234841108322, 17.07315087914467], "loss2": [66.01208221197318, 24.309563623358496, 22.544206032323736, 20.539760952387688, 19.6035622393381, 20.201518321906978, 19.301667706062535, 19.089078883378015, 18.370043825157428, 19.622599877893787, 18.21100947865623, 16.967312728937262, 17.955275651967032, 17.051410775963635, 17.098487911588087], "acc_tr": [0.9814453125, 0.9853515625, 0.978515625, 0.9833984375, 0.98828125, 0.984375, 0.9833984375, 0.986328125, 0.9814453125, 0.9853515625, 0.982421875, 0.994140625, 0.98828125, 0.9892578125, 0.9892578125], "acc_te": [0.8724, 0.8893, 0.8991, 0.9042, 0.9106, 0.9143, 0.9198, 0.9255, 0.927, 0.927, 0.9244, 0.9266, 0.9305, 0.9302, 0.9314], "time": [3.0264992713928223, 2.739420175552368, 2.685999870300293, 2.6944165229797363, 2.7054569721221924, 2.765955686569214, 2.7909231185913086, 2.795501470565796, 2.7954957485198975, 2.783447504043579, 2.788461685180664, 2.812997579574585, 2.7930421829223633, 2.8136067390441895, 2.8189640045166016]}