{"loss1": [286.9030891418457, 135.47584381103516, 107.44452419281006, 98.0637924194336, 90.20894279479981, 86.51645450592041, 85.11216220855712, 77.58552646636963, 77.7394790649414, 75.33592987060547, 75.79949741363525, 75.73780155181885, 72.29651641845703, 75.40762920379639, 73.47164344787598, 72.63603973388672, 76.04716911315919, 68.22552261352538], "loss2": [289.661735897086, 135.84630555361696, 107.632122832583, 98.18935485700811, 90.30121225073142, 86.5901807379408, 85.17415673698281, 77.63511296484668, 77.78276608468079, 75.37471503557215, 75.83515296589096, 75.77082038419806, 72.32565694766689, 75.43585857691951, 73.49791931826071, 72.66040017448361, 76.07108551138212, 68.24631556914582], "acc_tr": [0.91650390625, 0.8994140625, 0.90283203125, 0.90771484375, 0.91455078125, 0.93115234375, 0.93115234375, 0.93798828125, 0.93359375, 0.9453125, 0.93603515625, 0.94189453125, 0.94384765625, 0.93701171875, 0.93994140625, 0.94482421875, 0.9345703125, 0.94921875], "acc_te": [0.8733, 0.888, 0.8983, 0.9031, 0.907, 0.9113, 0.9137, 0.9163, 0.921, 0.9216, 0.9236, 0.926, 0.9247, 0.9269, 0.9271, 0.9286, 0.9295, 0.9316], "time": [1.5980010032653809, 1.3544998168945312, 1.3129971027374268, 1.2999985218048096, 1.3000001907348633, 1.293499231338501, 1.291501522064209, 1.2940008640289307, 1.2924988269805908, 1.3005015850067139, 1.292457103729248, 1.2884626388549805, 1.2900354862213135, 1.286998987197876, 1.2915008068084717, 1.289999008178711, 1.2870001792907715, 1.3074235916137695]}