{"loss1": [403.0918690999349, 139.07243868509929, 112.65766353607178, 103.43903001149495, 101.89841270446777, 98.05113309224447, 96.03310877482096, 96.98242053985595, 98.39970932006835, 94.2864549001058], "loss2": [405.7546475721536, 139.33384678383482, 112.79513173114131, 103.53604544163096, 101.97870632791613, 98.11768347024329, 96.09169859510142, 97.03579509310018, 98.4493402384848, 94.33076737901077], "acc_tr": [0.94580078125, 0.9375, 0.94287109375, 0.95556640625, 0.948974609375, 0.95703125, 0.962890625, 0.956298828125, 0.959228515625, 0.95654296875], "acc_te": [0.9009, 0.9178, 0.9267, 0.9321, 0.9357, 0.9368, 0.9383, 0.9382, 0.9412, 0.9417], "time": [2.543541193008423, 2.4289984703063965, 2.4079978466033936, 2.341996192932129, 2.303497076034546, 2.2974886894226074, 2.3749961853027344, 2.296994686126709, 2.2985434532165527, 2.3019590377807617]}