{"loss1": [204.23894589742025, 79.52382329305013, 66.26067711512248, 62.05735162099202, 56.11401357650757, 53.8055227915446, 53.47741832733154, 50.96871919631958, 53.261276944478354, 49.00861775080363, 49.45973958969116, 50.0939424832662], "loss2": [206.49806717882709, 79.79328396615689, 66.40653803362096, 62.15914476462273, 56.18746480328233, 53.86688116862924, 53.530864326495205, 51.014772563214926, 53.30479475998748, 49.04494332239748, 49.494099691382445, 50.12638611544215], "acc_tr": [0.94140625, 0.9287109375, 0.94384765625, 0.93994140625, 0.94970703125, 0.9541015625, 0.95654296875, 0.95654296875, 0.9541015625, 0.9609375, 0.96240234375, 0.958984375], "acc_te": [0.8833, 0.9027, 0.9115, 0.9163, 0.9228, 0.9275, 0.929, 0.9306, 0.9311, 0.9343, 0.9365, 0.9357], "time": [1.9990003108978271, 1.9619972705841064, 1.9460020065307617, 1.940502643585205, 1.9310386180877686, 1.932497501373291, 1.9300003051757812, 1.926997184753418, 1.9254992008209229, 1.9249579906463623, 1.9285001754760742, 1.9479639530181885]}