{"loss1": [567.22060546875, 240.88043365478515, 183.28619041442872, 168.74645385742187, 157.95015411376954, 155.9446990966797, 150.18794479370118, 140.78450202941895, 146.68261489868163], "loss2": [570.596078918463, 241.22944828408112, 183.4558916447758, 168.85958079590347, 158.0332388401226, 156.0136678002794, 150.24519455519766, 140.83194732483608, 146.72704994989545], "acc_tr": [0.9169921875, 0.92822265625, 0.925048828125, 0.9287109375, 0.930908203125, 0.931884765625, 0.932373046875, 0.94580078125, 0.935302734375], "acc_te": [0.8902, 0.9044, 0.9125, 0.9172, 0.9223, 0.9249, 0.9278, 0.9306, 0.932], "time": [2.1560323238372803, 1.8585004806518555, 1.6625001430511475, 1.6724989414215088, 1.6020023822784424, 1.5360000133514404, 1.5339622497558594, 1.5354983806610107, 1.5420067310333252]}