{"loss1": [33.29703195571899, 14.529234561920166, 13.057860330343246, 12.511190127134324, 11.244020090103149, 10.746386777162552, 10.805667988657952, 10.226108937859536, 11.060391075611115, 10.524427097439766, 10.614600336551666, 10.029438348412514, 10.027308229804039, 10.489131841659546, 9.36022597193718, 9.889965986013413, 10.337531194686889, 8.941349533200263, 9.455642496943474, 9.343059927821159, 8.621960427761078, 9.336030181050301, 9.311042880415917, 9.160357379317283, 9.313974835276603, 8.797629313468933, 9.365559371709823, 8.390860595703124, 8.808031833767892, 8.90391169309616], "loss2": [34.35019802973325, 14.716962124107942, 13.171027464171129, 12.590172042528977, 11.303241688224318, 10.794966714591032, 10.84979670107071, 10.264205323338494, 11.097542146970188, 10.555764390070589, 10.643740833161026, 10.054929328438677, 10.05158034195066, 10.51354910414868, 9.38063957078201, 9.910161097974218, 10.358294137111834, 8.958265271929001, 9.473666670752744, 9.359587686646384, 8.636917188638385, 9.351909172489757, 9.325738266897712, 9.174127319954623, 9.328313084316227, 8.810725435137305, 9.378845470476252, 8.40214946595502, 8.819735866996945, 8.915494395742579], "acc_tr": [0.986328125, 0.984375, 0.986328125, 0.994140625, 0.99609375, 0.994140625, 0.990234375, 0.994140625, 0.990234375, 0.994140625, 0.9921875, 0.9921875, 0.990234375, 0.994140625, 0.998046875, 0.99609375, 0.9921875, 0.99609375, 0.994140625, 0.99609375, 1.0, 0.986328125, 0.99609375, 0.9921875, 0.990234375, 0.998046875, 0.9921875, 0.99609375, 0.994140625, 0.994140625], "acc_te": [0.8289, 0.8614, 0.8721, 0.8796, 0.8943, 0.8987, 0.9005, 0.8984, 0.9045, 0.9041, 0.9124, 0.9141, 0.918, 0.9161, 0.9181, 0.92, 0.9188, 0.9205, 0.9234, 0.9232, 0.9225, 0.9207, 0.9262, 0.9247, 0.9266, 0.9242, 0.9268, 0.9243, 0.9289, 0.9266], "time": [2.9534926414489746, 2.696465253829956, 2.6604926586151123, 2.6467444896698, 2.636615037918091, 2.620534896850586, 2.6170730590820312, 2.618497848510742, 2.6269631385803223, 2.6254565715789795, 2.6219897270202637, 2.619493246078491, 2.6055033206939697, 2.6214547157287598, 2.6074554920196533, 2.628575325012207, 2.6289167404174805, 2.6324985027313232, 2.6429619789123535, 2.6364974975585938, 2.6184563636779785, 2.6194987297058105, 2.5915369987487793, 2.585999011993408, 2.616490125656128, 2.612919330596924, 2.636040210723877, 2.628998279571533, 2.6424031257629395, 2.637134313583374]}