{"loss1": [1392.900634765625, 1051.9793701171875, 810.8644409179688, 633.73046875, 498.2583312988281, 392.2916564941406, 308.7491760253906, 242.8003692626953, 190.79226684570312, 149.83934020996094, 602.512939453125, 455.04412841796875, 348.5264587402344, 269.0138854980469, 208.61004638671875, 162.26185607910156, 126.48075866699219, 98.74781799316406, 77.19464874267578, 60.41179656982422, 459.4690856933594, 347.0111389160156, 265.6809387207031, 204.8706817626953, 158.62831115722656, 123.14836883544922, 95.78645324707031, 74.61674499511719, 58.200843811035156, 45.449337005615234, 423.468017578125, 319.82159423828125, 244.82867431640625, 188.7176971435547, 146.02427673339844, 113.25924682617188, 87.99467468261719, 68.45750427246094, 53.319698333740234, 41.57315444946289, 396.6212158203125, 299.5457458496094, 229.28961181640625, 176.70230102539062, 136.6757049560547, 105.951171875, 82.26002502441406, 63.94346237182617, 49.757137298583984, 38.755165100097656, 391.737548828125, 295.8573303222656, 226.45602416992188, 174.4962615966797, 134.9384307861328, 104.5693130493164, 81.15161895751953, 63.048274993896484, 49.03010559082031, 38.16208267211914, 377.3919677734375, 285.0229187011719, 218.155517578125, 168.0835723876953, 129.9561767578125, 100.6817398071289, 78.10746765136719, 60.65730285644531, 47.147151947021484, 36.67563247680664, 353.8446350097656, 267.2389831542969, 204.53843688964844, 157.5802764892578, 121.81901550292969, 94.3587646484375, 73.18289947509766, 56.81450271606445, 44.143409729003906, 34.3240966796875, 368.7337951660156, 278.4839782714844, 213.14109802246094, 164.19908142089844, 126.92306518554688, 98.29745483398438, 76.22212982177734, 59.15874481201172, 45.950538635253906, 35.71626281738281], "loss2": [1396.464189168356, 1058.9827306811812, 816.4569406849696, 637.6710169180187, 501.3030795959421, 394.8722168758104, 311.0527974877041, 244.89505602041027, 192.69791535974946, 151.5648463924881, 602.5340808505621, 455.1276629221802, 348.6940474316543, 269.26887055542284, 208.9488444881208, 162.6774365586025, 126.96358568168944, 99.28577794285957, 77.77440295903943, 61.01977345068008, 459.47459733648157, 347.0362018257165, 265.7386226410799, 204.9683211038864, 158.7704621055709, 123.33749626429926, 96.02153217988962, 74.89569409209071, 58.5176166939782, 45.798372204764746, 423.47104468832913, 319.8354558656474, 244.8615944494477, 188.77600853959666, 146.11291178092506, 113.38065666662442, 88.1499104082759, 68.64634320919868, 53.54008075915044, 41.821801591839176, 396.62325359503393, 299.55507635097365, 229.31204226058617, 176.7425750110906, 136.7381737572723, 106.03814700320072, 82.37315079156542, 64.08295759861358, 49.92239571630489, 38.94461631658487, 391.73914646422054, 295.8645593475594, 226.47389540675158, 174.5289080703078, 134.98874636086475, 104.64025183777994, 81.24467197181366, 63.164428974399925, 49.16904479821096, 38.32302477088524, 377.3933765192269, 285.02877852543224, 218.1694942820186, 168.10941006177018, 129.99663023555695, 100.73948818623103, 78.18434077828715, 60.75417923674104, 47.26411227087374, 36.81213545583887, 353.8458993137865, 267.24361122716346, 204.5496367843889, 157.60090454903911, 121.85205586827942, 94.40603756798737, 73.24628817789926, 56.8948480932886, 44.24115814262768, 34.439033523900434, 368.7348903504944, 278.4881055925316, 213.15124243902574, 164.21810849026951, 126.95347959725223, 98.34155798656502, 76.2813936414168, 59.23422073597612, 46.04267197489389, 35.8248286905291], "acc_tr": [0.1328125, 0.455078125, 0.72509765625, 0.83056640625, 0.8671875, 0.88623046875, 0.89501953125, 0.903564453125, 0.910888671875, 0.9169921875, 0.895263671875, 0.896240234375, 0.8984375, 0.90087890625, 0.90478515625, 0.907958984375, 0.913330078125, 0.91943359375, 0.92431640625, 0.92822265625, 0.9033203125, 0.904541015625, 0.90673828125, 0.908935546875, 0.911865234375, 0.914306640625, 0.916748046875, 0.919677734375, 0.92138671875, 0.925048828125, 0.910400390625, 0.912109375, 0.913818359375, 0.915283203125, 0.916259765625, 0.918212890625, 0.92041015625, 0.92236328125, 0.92529296875, 0.9287109375, 0.915283203125, 0.916748046875, 0.917724609375, 0.9189453125, 0.921142578125, 0.9228515625, 0.9248046875, 0.92626953125, 0.92822265625, 0.930908203125, 0.91943359375, 0.919921875, 0.92041015625, 0.922607421875, 0.923828125, 0.926025390625, 0.92724609375, 0.928955078125, 0.9306640625, 0.931884765625, 0.919921875, 0.920654296875, 0.921630859375, 0.923095703125, 0.9248046875, 0.927001953125, 0.9287109375, 0.929931640625, 0.931640625, 0.932373046875, 0.9306640625, 0.931640625, 0.933349609375, 0.93408203125, 0.9365234375, 0.93798828125, 0.93994140625, 0.942138671875, 0.944580078125, 0.94580078125, 0.92578125, 0.92626953125, 0.9267578125, 0.927490234375, 0.928466796875, 0.929443359375, 0.93115234375, 0.9326171875, 0.934326171875, 0.935302734375], "acc_te": [0.1342, 0.4562, 0.7233, 0.8186, 0.8528, 0.8643, 0.8735, 0.8811, 0.8857, 0.8902, 0.8908, 0.8915, 0.8924, 0.8924, 0.8948, 0.8968, 0.898, 0.9, 0.9025, 0.9044, 0.9047, 0.905, 0.9049, 0.9055, 0.9065, 0.9081, 0.9092, 0.9099, 0.9108, 0.9125, 0.9126, 0.913, 0.9133, 0.9137, 0.9143, 0.9145, 0.9149, 0.9161, 0.9162, 0.9172, 0.9175, 0.9177, 0.9182, 0.9189, 0.9196, 0.9199, 0.9204, 0.9216, 0.9221, 0.9223, 0.9224, 0.9229, 0.9233, 0.9236, 0.924, 0.9237, 0.9243, 0.9245, 0.9246, 0.9249, 0.9249, 0.925, 0.9257, 0.926, 0.9264, 0.9269, 0.9269, 0.9267, 0.9272, 0.9278, 0.9277, 0.9281, 0.9283, 0.9288, 0.9293, 0.9293, 0.9293, 0.9299, 0.9302, 0.9306, 0.9304, 0.9302, 0.9303, 0.9306, 0.9308, 0.9308, 0.9311, 0.9314, 0.9318, 0.932]}