{"loss1": [3.771964257241537, 2.750558225942465, 2.5499657216210228, 2.2858658609252114, 2.2928889683059728, 2.4034856875116626, 2.2608920332393607, 2.337746500908785, 2.1515692011375602, 2.9239193753688597, 2.300825255845363, 2.0398677003676613, 2.219750256813131, 2.2498359522782265, 1.9668793865013867, 2.183510703931097, 1.865629698865814, 2.058812544098085, 1.730976581009842, 1.9278210368191746, 1.8217654700536514, 1.742277382305474, 1.954110683798596, 1.7366393899564476, 2.0488910102877225, 1.8871216897571381, 1.8587979411017537, 1.6785451545700198, 1.6942726602205462, 1.496493048175277, 1.6958628678092889, 1.7523974798838027, 1.6247875374693346, 1.4592795298085548, 1.469773411474307, 1.6397855272890107, 1.4184871549655023, 1.5326383152326646, 1.4285050664708252, 1.394099374684447, 1.3570412023303409, 1.4017889889815707, 1.5181898024020484, 1.3549281948721423, 1.4581660009712019, 1.4245182952455555, 1.567073129300358, 1.2831031206752717, 1.3526484767426155, 1.3441385060859223], "loss2": [4.087907193191481, 2.822190673262405, 2.5978884854725206, 2.3235880803315996, 2.324383723805803, 2.432537912875376, 2.2885278704771213, 2.361727641249057, 2.1738194397759885, 2.9495974665047244, 2.32091274502707, 2.057189755225745, 2.2369663990036424, 2.2669144534621646, 1.9821203847627349, 2.199974229164591, 1.8782972760113685, 2.0719686126042176, 1.743025171874653, 1.942106465170696, 1.832955454456172, 1.7531978312124288, 1.96686473661412, 1.7475988415089667, 2.060230827596779, 1.8988698940876974, 1.8693346006562641, 1.689206072790672, 1.7039506998362948, 1.50567644119045, 1.7064796030676137, 1.762249834127014, 1.6345819755077946, 1.4676628109257919, 1.4778054736037576, 1.6488233826809753, 1.426322762296092, 1.5408867643657278, 1.4364124596241945, 1.4018439329501642, 1.364771459614126, 1.4097902435438772, 1.5257965504545508, 1.3620518984330245, 1.4658139172514628, 1.4315966037168024, 1.5749106293314412, 1.289426872969497, 1.3598203221699456, 1.3508563324786664], "acc_tr": [1.0, 1.0, 1.0, 1.0, 1.0, 1.0, 1.0, 1.0, 1.0, 1.0, 1.0, 1.0, 1.0, 1.0, 1.0, 1.0, 1.0, 1.0, 1.0, 1.0, 1.0, 1.0, 1.0, 1.0, 1.0, 1.0, 1.0, 1.0, 1.0, 1.0, 1.0, 1.0, 1.0, 1.0, 1.0, 1.0, 1.0, 1.0, 1.0, 1.0, 1.0, 1.0, 1.0, 1.0, 1.0, 1.0, 1.0, 1.0, 1.0, 1.0], "acc_te": [0.6921, 0.7225, 0.7363, 0.7593, 0.7411, 0.7532, 0.7453, 0.7824, 0.7457, 0.7487, 0.7896, 0.7767, 0.7768, 0.7938, 0.7977, 0.8036, 0.8062, 0.8222, 0.8111, 0.8272, 0.816, 0.8395, 0.8305, 0.8256, 0.8494, 0.8277, 0.8544, 0.8412, 0.8649, 0.8581, 0.8405, 0.8527, 0.8646, 0.8618, 0.8569, 0.8802, 0.8712, 0.8579, 0.8697, 0.8738, 0.8814, 0.8785, 0.8649, 0.8902, 0.8755, 0.8829, 0.8849, 0.8863, 0.8836, 0.889], "time": [6.024496555328369, 5.815577268600464, 5.7805023193359375, 5.842955112457275, 5.84596586227417, 5.85003924369812, 5.800064325332642, 5.814006328582764, 5.8500378131866455, 5.856033563613892, 5.845535516738892, 5.871048927307129, 5.843454599380493, 5.839381217956543, 5.90395188331604, 5.900041103363037, 5.885504484176636, 5.850026607513428, 5.930543899536133, 5.910909175872803, 5.888575077056885, 5.893585681915283, 5.838034391403198, 5.840503692626953, 5.829616069793701, 5.823480606079102, 5.833968639373779, 5.835576295852661, 5.84149956703186, 5.828609228134155, 5.832587480545044, 5.872411727905273, 5.8559534549713135, 5.992039442062378, 5.922034740447998, 5.933109760284424, 5.924495220184326, 5.906963109970093, 5.707411289215088, 5.8980395793914795, 5.8259499073028564, 5.941026210784912, 5.911938905715942, 5.880995512008667, 5.895893096923828, 5.912497043609619, 5.934962034225464, 5.895539045333862, 5.899993419647217, 5.912583112716675]}