{"loss1": [104.94638999700547, 33.40045485297839, 31.58668036162853, 31.0277342086037, 31.28468999316295, 28.761789673566817], "loss2": [106.31919299341813, 33.57596559608297, 31.70237872106959, 31.1195309319843, 31.363688260450417, 28.82604210021659], "acc_tr": [0.98681640625, 0.97900390625, 0.9833984375, 0.9794921875, 0.978515625, 0.9853515625], "acc_te": [0.8973, 0.9156, 0.921, 0.9257, 0.9267, 0.9338], "time": [4.143497943878174, 3.92753529548645, 3.873000144958496, 3.8679535388946533, 3.8715384006500244, 3.8784210681915283]}