{"loss1": [3.336368375599792, 2.1841766369609394, 2.2933961903242523], "loss2": [3.4641985254071206, 2.212458245442267, 2.3168290348995133], "acc_tr": [1.0, 1.0, 1.0], "acc_te": [0.7785, 0.7851, 0.8044], "time": [26.3134503364563, 26.26685333251953, 26.281376600265503]}