{"loss1": [403.13136189778646, 135.81115525563558, 111.11817061106363, 105.96712958017984, 101.08566303253174, 100.18340403238932, 97.95904000600179, 96.3625373840332, 93.86764761606852, 95.93259646097819, 93.11418914794922, 94.34600028991699, 93.42655029296876, 90.76113033294678, 91.56591027577718, 88.10077838897705, 92.58554255167643, 89.13802642822266, 90.36079540252686, 93.3954205195109, 88.5940938313802, 87.32922108968098, 88.02887452443441, 87.2012519200643, 88.65981165568034, 88.31442915598551, 87.51012338002523, 86.70233008066813, 87.85487060546875, 86.27722676595052, 85.05179093678792, 86.01686929066976, 85.97271982828777, 85.54375820159912, 88.02022978464763, 88.17310619354248, 86.68674062093099, 85.92638250986735, 85.40110060373942, 85.38369261423746, 88.2596638361613, 86.93950481414795, 85.37586631774903, 84.71476516723632, 85.06120039621989, 83.7882786432902, 83.13477017084757, 83.26713097890219, 84.45099086761475, 83.29631258646647], "loss2": [405.80667915584365, 136.06449677890487, 111.25468511846572, 106.06690480007528, 101.16452358545212, 100.25149246399312, 98.0186483948483, 96.4155607881073, 93.9146774981933, 95.97815761456907, 93.15534301290323, 94.38500725884029, 93.46329222496946, 90.79490482893976, 91.59824581304268, 88.13079792816606, 92.61545035447449, 89.16555509503505, 90.38793744659749, 93.42246893461139, 88.61848724620195, 87.35252392458193, 88.05148620669733, 87.22289957570999, 88.68090781780059, 88.33511376555, 87.52964533815417, 86.72129599465134, 87.87338882867206, 86.2948046304291, 85.06894744349901, 86.0336456701456, 85.98908433463603, 85.55965941377775, 88.03602428894519, 88.18865649627477, 86.70155746644195, 85.94058984650965, 85.41487845213086, 85.39718855732856, 88.27332774222208, 86.95261219327548, 85.38861007129053, 84.72717353546292, 85.07320830022094, 83.7999851310228, 83.14625857193211, 83.27825687238406, 84.46216416284776, 83.30699909972087], "acc_tr": [0.940673828125, 0.947998046875, 0.952392578125, 0.94482421875, 0.95361328125, 0.95068359375, 0.956298828125, 0.956787109375, 0.961669921875, 0.954345703125, 0.963134765625, 0.959716796875, 0.958251953125, 0.96484375, 0.9619140625, 0.96435546875, 0.9638671875, 0.963623046875, 0.958740234375, 0.956298828125, 0.966796875, 0.963623046875, 0.964599609375, 0.965576171875, 0.967041015625, 0.96142578125, 0.968017578125, 0.96875, 0.96728515625, 0.966552734375, 0.96875, 0.9638671875, 0.969970703125, 0.97119140625, 0.9638671875, 0.962890625, 0.967529296875, 0.96484375, 0.9677734375, 0.964599609375, 0.964599609375, 0.9658203125, 0.966552734375, 0.9697265625, 0.96826171875, 0.968505859375, 0.971435546875, 0.970458984375, 0.97216796875, 0.97119140625], "acc_te": [0.9042, 0.9173, 0.9272, 0.9306, 0.9337, 0.9373, 0.9394, 0.9379, 0.9424, 0.9432, 0.9417, 0.9431, 0.9433, 0.944, 0.9438, 0.9445, 0.9436, 0.9434, 0.9451, 0.9447, 0.9438, 0.9445, 0.9456, 0.9461, 0.9473, 0.9451, 0.9463, 0.9451, 0.9485, 0.9479, 0.9469, 0.9467, 0.9463, 0.948, 0.9473, 0.9456, 0.9476, 0.9485, 0.9478, 0.949, 0.9498, 0.9487, 0.9495, 0.9473, 0.9484, 0.9488, 0.9476, 0.9488, 0.9495, 0.9486], "time": [2.8890390396118164, 2.2960002422332764, 2.2949626445770264, 2.2889580726623535, 2.2920072078704834, 2.2889997959136963, 2.2844982147216797, 2.2889599800109863, 2.2974257469177246, 2.3099188804626465, 2.383002996444702, 2.3420004844665527, 2.3389956951141357, 2.3255348205566406, 2.3399996757507324, 2.33195424079895, 2.3342807292938232, 2.348496437072754, 2.3444581031799316, 2.353006601333618, 2.34649920463562, 2.326498508453369, 2.3479957580566406, 2.3374576568603516, 2.3580009937286377, 2.3474550247192383, 2.337453603744507, 2.333496570587158, 2.3380014896392822, 2.334000587463379, 2.338416337966919, 2.3449549674987793, 2.3744969367980957, 2.3314566612243652, 2.3314995765686035, 2.333995819091797, 2.3330390453338623, 2.331538200378418, 2.3314573764801025, 2.345999002456665, 2.346036911010742, 2.4113991260528564, 2.359041213989258, 2.35499906539917, 2.353959560394287, 2.356041669845581, 2.3554999828338623, 2.353994369506836, 2.3944661617279053, 2.386495590209961]}