{"loss1": [20393.6015625, 15402.1416015625, 11835.8916015625, 9153.5859375, 7094.52294921875, 5502.24755859375, 4267.890625, 3310.3046875, 2567.38671875, 1991.0699462890625, 1544.0440673828125, 1197.3516845703125, 928.4942016601562, 720.0060424804688, 558.3401489257812, 432.979736328125, 335.7735290527344, 260.40252685546875, 201.9555206298828, 156.63363647460938, 121.48884582519531, 94.23596954345703, 73.10121154785156, 56.71062469482422, 43.99827575683594, 34.13904571533203, 26.491472244262695, 20.559465408325195, 15.957826614379883, 12.387916564941406, 9.618402481079102, 7.4693403244018555, 5.801587104797363, 4.507221221923828, 3.502568244934082, 2.722590923309326, 2.1169586181640625, 1.6466009616851807, 1.2813040018081665, 0.997497022151947, 0.7768722176551819, 0.6054417490959167, 0.47211816906929016, 0.36844322085380554, 0.28774815797805786, 0.22497110068798065, 0.17604473233222961, 0.13793064653873444, 0.10822772234678268, 0.08507111668586731], "loss2": [20422.1788835536, 15413.216659454047, 11842.046979277395, 9159.017280346248, 7099.625288181007, 5507.782183798961, 4272.449337145314, 3315.235759941861, 2572.04465566203, 1995.3013767190278, 1547.8796669207513, 1200.872066628188, 931.6888222582638, 723.277208827436, 561.388370309025, 435.95543610677123, 338.60913091525435, 263.54200756177306, 204.81406244263053, 159.4486657436937, 124.21561721339822, 97.00747774541378, 76.13847866654396, 60.13625400234014, 46.65629450697452, 36.80523479729891, 29.096276925876737, 23.118606937583536, 18.469983655493706, 14.9711395194754, 12.620957811363041, 10.090207741595805, 8.464507925324142, 7.340140931773931, 6.585385472746566, 5.484055484412238, 4.575936941895634, 4.099130039801821, 3.6387067968025804, 3.3433098532259464, 2.9570556425023824, 3.122982290806249, 2.646847121650353, 2.906996497185901, 2.4406749543268234, 2.615500849322416, 2.3081867889268324, 2.260360476677306, 2.2686679081525654, 2.2044301269343123], "acc_tr": [0.1945, 0.6511166666666667, 0.8541833333333333, 0.8958333333333334, 0.9110166666666667, 0.9180333333333334, 0.9227, 0.9268833333333333, 0.9307166666666666, 0.93355, 0.9363333333333334, 0.9386666666666666, 0.9405833333333333, 0.9423333333333334, 0.9434833333333333, 0.9447833333333333, 0.9460833333333334, 0.9470666666666666, 0.9475166666666667, 0.9483, 0.9489666666666666, 0.94985, 0.9504666666666667, 0.9508333333333333, 0.9513833333333334, 0.9521, 0.9522333333333334, 0.9526333333333333, 0.95305, 0.9531333333333334, 0.95325, 0.9534833333333333, 0.9538833333333333, 0.9538333333333333, 0.95405, 0.95405, 0.9540166666666666, 0.95415, 0.9544166666666667, 0.9542666666666667, 0.95435, 0.9543, 0.9545666666666667, 0.95435, 0.9544833333333334, 0.9542666666666667, 0.9543166666666667, 0.9542833333333334, 0.9541166666666666, 0.9539333333333333], "acc_te": [0.1944, 0.6603, 0.8588, 0.8982, 0.9104, 0.9182, 0.9219, 0.9252, 0.9289, 0.9317, 0.9349, 0.9367, 0.9382, 0.9396, 0.9407, 0.9418, 0.9422, 0.9432, 0.9438, 0.9442, 0.9444, 0.9446, 0.9443, 0.9451, 0.9452, 0.9455, 0.9459, 0.9461, 0.9459, 0.9459, 0.9464, 0.9465, 0.9468, 0.9468, 0.9466, 0.9474, 0.9469, 0.9476, 0.9474, 0.9474, 0.9473, 0.9475, 0.9472, 0.947, 0.9468, 0.9467, 0.9466, 0.9463, 0.9461, 0.9465]}