{"loss1": [1.0273326594866377, 0.6871228873911605, 0.7367983507236204, 0.6799348494950966, 0.9455038756397092, 0.7568480471111343, 0.7279620967177076, 0.6689388652877823, 0.7530619003492954, 0.6945897064243354, 0.6849891210735753, 0.705233672912766, 0.6092631036882608, 0.7003458061296669, 0.6112379682290794, 0.6303573142232646, 0.6400291123316909, 0.6233265836677939, 0.5169645520194744, 0.47545212748713084, 0.6774858450443862, 0.59967854448916, 0.642155886609324, 0.4646355683530601, 0.527933348651743, 0.6408486738514758, 0.579415122434123, 0.5193729730744262, 0.6781941635759419, 0.48544540532290625, 0.5443854123613827, 0.6729655005861124, 0.5600859459158679, 0.453684889843953, 0.5592416803632887, 0.5447193107964438, 0.4636280203817364, 0.5299097787698638, 0.45077401301051245, 0.3969643095489914, 0.5174028446106415, 0.3587897101340995, 0.4693609778021217, 0.4729713987198522, 0.4979455240719725, 0.5318619231506375, 0.3974010136004419, 0.3649776809049134, 0.5208015067923933, 0.45614159483933464], "loss2": [1.1501801361547934, 0.7118972038259467, 0.7566540175315339, 0.695361485188412, 0.9609342789637334, 0.769437625386855, 0.7393814445351518, 0.6793738506328287, 0.7633583221541024, 0.704419311046918, 0.6942181348166259, 0.7139356402478337, 0.6167201623421544, 0.7072638419371032, 0.6179747113099041, 0.6364945556452279, 0.645943895812579, 0.6292991174825031, 0.521559686072921, 0.4801231029800736, 0.6833341883729366, 0.6046209523624048, 0.647240050054998, 0.4685522337237869, 0.5324213050596395, 0.645254399144849, 0.5837218509150652, 0.5231231275076481, 0.6832043896111555, 0.488890939983628, 0.5484885868427701, 0.6776009797594855, 0.5640465471151522, 0.4572894132653243, 0.5632445288732116, 0.5487828448668216, 0.46752139720587405, 0.533516938996822, 0.4537897993339508, 0.4000128417107041, 0.5208176150235111, 0.3613323382805692, 0.4728160461867336, 0.47635686847124314, 0.5015567657323472, 0.5355495952772057, 0.400145691692423, 0.36770540844563787, 0.5242844314866569, 0.45898447366532563], "acc_tr": [1.0, 1.0, 1.0, 1.0, 1.0, 1.0, 1.0, 1.0, 1.0, 1.0, 1.0, 1.0, 1.0, 1.0, 1.0, 1.0, 1.0, 1.0, 1.0, 1.0, 1.0, 1.0, 1.0, 1.0, 1.0, 1.0, 1.0, 1.0, 1.0, 1.0, 1.0, 1.0, 1.0, 1.0, 1.0, 1.0, 1.0, 1.0, 1.0, 1.0, 1.0, 1.0, 1.0, 1.0, 1.0, 1.0, 1.0, 1.0, 1.0, 1.0], "acc_te": [0.6485, 0.6794, 0.704, 0.6455, 0.6763, 0.6509, 0.6683, 0.6598, 0.6858, 0.7345, 0.7414, 0.7238, 0.6999, 0.7229, 0.715, 0.7286, 0.7355, 0.7394, 0.7506, 0.7464, 0.7398, 0.7588, 0.7683, 0.7539, 0.7463, 0.7574, 0.7612, 0.7568, 0.7816, 0.7857, 0.7701, 0.7894, 0.7998, 0.789, 0.7945, 0.8136, 0.7939, 0.8116, 0.8162, 0.8131, 0.8329, 0.8463, 0.821, 0.8267, 0.814, 0.7903, 0.8337, 0.8324, 0.8213, 0.8383], "time": [11.98490834236145, 11.72513222694397, 11.671910285949707, 11.68950629234314, 11.693357944488525, 11.691042184829712, 11.736391305923462, 11.7885901927948, 11.820042848587036, 11.70386815071106, 11.687580823898315, 11.811009645462036, 11.786007642745972, 11.798402786254883, 11.737981081008911, 11.675808668136597, 11.769121408462524, 11.671881437301636, 11.663527727127075, 11.669171810150146, 11.725544691085815, 11.712902545928955, 11.663413047790527, 11.701951265335083, 11.701467514038086, 11.685532093048096, 11.666956901550293, 11.66033411026001, 11.675304651260376, 11.66153860092163, 11.681035280227661, 11.687652826309204, 11.67047119140625, 11.688500165939331, 11.716561555862427, 11.714613437652588, 11.671874523162842, 11.696993350982666, 11.672098159790039, 11.680200815200806, 11.669885396957397, 11.74946928024292, 11.759844779968262, 11.65305209159851, 11.697262048721313, 11.689892768859863, 11.706416368484497, 11.687415838241577, 11.686423778533936, 11.70688533782959]}