{"loss1": [21.690398347706843, 9.851819677387054, 9.745779730350865, 10.015568992928602, 9.668936455106984], "loss2": [22.21626905422187, 9.9502064173858, 9.821609144541428, 10.081605335759981, 9.731153926938617], "acc_tr": [1.0, 1.0, 1.0, 1.0, 1.0], "acc_te": [0.8462, 0.8801, 0.8853, 0.8923, 0.8892], "time": [8.920990943908691, 8.62152624130249, 8.606828689575195, 8.647033214569092, 8.688954830169678]}