{"loss1": [219.3460678100586, 160.41351013183595, 126.35377197265625, 108.7395004272461, 101.8591178894043, 97.85115280151368, 89.97860717773438, 87.4783836364746, 87.93556442260743, 83.82286148071289, 82.61577606201172, 83.87762145996093, 82.8805419921875, 83.6035659790039, 79.30395965576172, 78.60302734375, 79.21655044555663, 83.68246536254883, 78.01414947509765, 76.25570755004883, 79.76483001708985, 79.59867095947266, 72.53660354614257, 78.8139045715332, 71.98681030273437, 72.40734405517578, 73.57939529418945, 70.36794357299804, 70.68407897949218, 67.43096084594727, 71.63935165405273, 70.71443252563476, 70.40219345092774, 70.9049057006836, 68.07113647460938, 68.04581451416016, 68.23963928222656, 66.95626678466797, 68.5179672241211, 66.94109115600585, 64.18391036987305, 64.6429557800293, 69.95885314941407, 67.2662956237793, 64.34276809692383, 69.5724708557129, 65.20275802612305, 63.75407943725586, 66.51218338012696, 66.31407089233399, 66.00376815795899, 63.1664436340332, 63.661669158935545, 61.27704849243164, 64.45310592651367, 62.69463958740234, 66.36392059326172, 61.962389373779295, 58.01199150085449, 62.585225677490236, 61.367340087890625, 62.23591537475586, 65.24015426635742, 61.072164154052736, 60.82916793823242, 63.565486145019534, 62.15284423828125, 59.104251098632815, 62.969336700439456, 60.65012893676758, 60.30238342285156, 63.553104400634766, 60.60758285522461, 59.749890899658205, 61.1366569519043], "loss2": [222.1324802645185, 161.1893667038219, 126.67865807643295, 108.92660373699775, 101.99497433511917, 97.95462846551898, 90.05941202902213, 87.54669346483138, 87.99650988079676, 83.87463557877712, 82.66324860260056, 83.92126372328501, 82.92013653461636, 83.64112637829699, 79.33747699181689, 78.63495096691595, 79.24688172598223, 83.71251990749286, 78.04103000862033, 76.28091623869632, 79.78980198638847, 79.62293445398117, 72.55732419790634, 78.83556245669008, 72.00590707348731, 72.42582134571337, 73.59770779005889, 70.38500010079993, 70.6999627299572, 67.44578556348577, 71.6544744225154, 70.72872718056041, 70.41582668896305, 70.91831965196994, 68.08371365042046, 68.05774049509532, 68.25101437461417, 66.9676106118371, 68.52910699003617, 66.95160796618461, 64.19386371934839, 64.65250979415866, 69.96907464127021, 67.27574503350145, 64.35167289922761, 69.58186411132662, 65.21119118475353, 63.76231033084059, 66.52042579505901, 66.32224929455006, 66.01161892826062, 63.173763777055115, 63.6689381781131, 61.28387152977716, 64.46000155946479, 62.70127967102458, 66.37081398670998, 61.96866035946739, 58.01787180461099, 62.59139727596416, 61.37317723514529, 62.241841684702216, 65.24634540408678, 61.077800957923344, 60.834647356158825, 63.57110826797759, 62.15825999392789, 59.1092205543395, 62.97467443926416, 60.65502962937671, 60.307292156530664, 63.55815500215467, 60.61233079415531, 59.75445653730676, 61.14144613773438], "acc_tr": [0.7958984375, 0.8291015625, 0.85546875, 0.8798828125, 0.873046875, 0.8681640625, 0.8681640625, 0.8916015625, 0.875, 0.875, 0.8974609375, 0.884765625, 0.8955078125, 0.880859375, 0.9033203125, 0.9052734375, 0.8896484375, 0.8798828125, 0.896484375, 0.90625, 0.884765625, 0.888671875, 0.9072265625, 0.8837890625, 0.9052734375, 0.91015625, 0.892578125, 0.90234375, 0.90625, 0.9189453125, 0.8984375, 0.91015625, 0.90625, 0.912109375, 0.9228515625, 0.9208984375, 0.9169921875, 0.91015625, 0.9130859375, 0.916015625, 0.92578125, 0.919921875, 0.9140625, 0.90625, 0.921875, 0.9111328125, 0.916015625, 0.919921875, 0.9111328125, 0.9130859375, 0.9130859375, 0.9345703125, 0.923828125, 0.9287109375, 0.912109375, 0.9208984375, 0.9150390625, 0.9306640625, 0.9384765625, 0.9287109375, 0.935546875, 0.912109375, 0.919921875, 0.916015625, 0.927734375, 0.9248046875, 0.9150390625, 0.931640625, 0.9169921875, 0.9208984375, 0.9306640625, 0.9228515625, 0.927734375, 0.9296875, 0.9169921875], "acc_te": [0.7488, 0.8391, 0.8552, 0.8636, 0.8695, 0.8722, 0.8742, 0.8757, 0.8786, 0.8786, 0.8819, 0.8836, 0.8849, 0.8877, 0.8873, 0.8893, 0.8903, 0.8898, 0.8926, 0.8927, 0.8952, 0.8945, 0.8945, 0.895, 0.8964, 0.896, 0.8966, 0.8974, 0.899, 0.8996, 0.8998, 0.9006, 0.902, 0.904, 0.9048, 0.905, 0.9054, 0.9056, 0.9065, 0.9082, 0.9068, 0.9079, 0.9086, 0.9078, 0.9085, 0.9103, 0.9097, 0.9098, 0.9095, 0.911, 0.9122, 0.911, 0.9111, 0.9109, 0.9135, 0.9117, 0.9123, 0.9131, 0.9149, 0.9152, 0.9149, 0.914, 0.9128, 0.9145, 0.9146, 0.9154, 0.9164, 0.9166, 0.9161, 0.9176, 0.9174, 0.918, 0.9178, 0.9188, 0.9194], "time": [0.7859997749328613, 0.5590000152587891, 0.5575006008148193, 0.5559988021850586, 0.560497522354126, 0.5629653930664062, 0.5804979801177979, 0.5590000152587891, 0.5595009326934814, 0.559959888458252, 0.5609989166259766, 0.5619995594024658, 0.5569603443145752, 0.5589995384216309, 0.561499834060669, 0.5590393543243408, 0.5609595775604248, 0.5579996109008789, 0.5589570999145508, 0.5599572658538818, 0.5595009326934814, 0.5644993782043457, 0.5624992847442627, 0.55999755859375, 0.5554988384246826, 0.5574986934661865, 0.5594995021820068, 0.5580015182495117, 0.5580005645751953, 0.5605354309082031, 0.5574626922607422, 0.561997652053833, 0.5610001087188721, 0.5640003681182861, 0.560999870300293, 0.5564384460449219, 0.5574994087219238, 0.5554990768432617, 0.5569989681243896, 0.5564987659454346, 0.5604984760284424, 0.5639567375183105, 0.5585000514984131, 0.5609986782073975, 0.5615003108978271, 0.5630004405975342, 0.5630011558532715, 0.5609986782073975, 0.5599987506866455, 0.5595004558563232, 0.564500093460083, 0.5649545192718506, 0.5614991188049316, 0.55299973487854, 0.5564999580383301, 0.5585005283355713, 0.5740005970001221, 0.5610005855560303, 0.559999942779541, 0.5599994659423828, 0.5644230842590332, 0.5655014514923096, 0.5660016536712646, 0.5625002384185791, 0.5564653873443604, 0.562999963760376, 0.5599989891052246, 0.5670003890991211, 0.5674991607666016, 0.5709998607635498, 0.5754961967468262, 0.5724997520446777, 0.5699996948242188, 0.566535234451294, 0.5654988288879395]}