{"loss1": [403.2908475240072, 138.9971388498942, 109.50696341196696, 104.32716846466064, 101.30159149169921, 100.40338503519693, 96.02587668100993, 96.50592670440673, 96.27322603861491, 94.0384604771932, 92.14650491078694, 94.13073304494222, 92.73376649220785, 91.81340700785319, 91.13400325775146], "loss2": [405.98808932808873, 139.25634278024444, 109.64172823732206, 104.42457913581444, 101.37941157851583, 100.47054033289056, 96.08291282983464, 96.55889860362961, 96.32150311290474, 94.08259990740798, 92.18664519297285, 94.17018274488638, 92.77000957976482, 91.84771006469325, 91.16621636045342], "acc_tr": [0.941162109375, 0.937255859375, 0.94482421875, 0.94921875, 0.955078125, 0.952880859375, 0.9580078125, 0.955078125, 0.95458984375, 0.955078125, 0.9609375, 0.958740234375, 0.96044921875, 0.959716796875, 0.961181640625], "acc_te": [0.9016, 0.9183, 0.9244, 0.9294, 0.933, 0.9361, 0.9362, 0.9364, 0.9383, 0.9394, 0.9415, 0.941, 0.9412, 0.9419, 0.9416], "time": [2.400498867034912, 2.29349684715271, 2.289036512374878, 2.287041425704956, 2.286926507949829, 2.2804572582244873, 2.289999008178711, 2.291003465652466, 2.291501998901367, 2.2919983863830566, 2.2909975051879883, 2.290996551513672, 2.2954986095428467, 2.299499750137329, 2.297496795654297]}