{"loss1": [567.082356262207, 244.73578605651855, 183.57716064453126, 164.044926071167, 156.23194618225097, 154.2234027862549, 155.2433032989502, 146.00310783386232, 143.17272186279297], "loss2": [570.4433236409361, 245.09639761731304, 183.74439186492572, 164.1541805071459, 156.31471572301606, 154.29131227103707, 155.30334084759525, 146.05259700582755, 143.2168193498059], "acc_tr": [0.915283203125, 0.91748046875, 0.928466796875, 0.92724609375, 0.93310546875, 0.935546875, 0.9306640625, 0.9384765625, 0.937744140625], "acc_te": [0.8883, 0.9029, 0.9101, 0.9168, 0.9209, 0.9255, 0.9277, 0.9291, 0.9323], "time": [1.7920000553131104, 1.5615012645721436, 1.5464608669281006, 1.5309996604919434, 1.5395011901855469, 1.5335052013397217, 1.5309977531433105, 1.5275328159332275, 1.5285003185272217]}