{"loss1": [1391.1995849609375, 1050.694580078125, 809.8919677734375, 633.0099487304688, 497.7378845214844, 391.9200439453125, 308.48480224609375, 242.61265563964844, 190.6594696044922, 149.7461395263672, 117.57076263427734, 92.29347229003906, 72.44966125488281, 56.87819290161133, 44.66209030151367, 35.07899475097656, 27.56104850769043, 21.662412643432617, 456.132080078125, 344.49090576171875, 263.7751770019531, 203.45303344726562, 157.6024627685547, 122.43263244628906, 95.31015014648438, 74.31996154785156, 58.034454345703125, 45.374420166015625, 35.51701736450195, 27.831382751464844, 21.83184814453125, 17.143421173095703, 13.47586441040039, 10.604108810424805, 8.353350639343262, 6.587656021118164, 380.7402648925781, 287.55169677734375, 220.12477111816406, 169.67599487304688, 131.2943115234375, 101.84265899658203, 79.13681030273438, 61.58082962036133, 47.97911071777344, 37.4243049621582, 29.222898483276367, 22.84258460998535, 17.87358283996582, 13.999754905700684, 10.976768493652344, 8.615513801574707, 6.7694220542907715, 5.324763298034668, 363.2275695800781, 274.3254089355469, 209.98309326171875, 161.82196044921875, 125.16560363769531, 97.03024291992188, 75.3377456665039, 58.56803512573242, 45.58052444458008, 35.5083122253418, 27.687984466552734, 21.609846115112305, 16.881305694580078, 13.199397087097168, 10.329988479614258, 8.091910362243652, 6.344809532165527, 4.979854106903076, 358.0550842285156, 270.41888427734375, 206.98251342773438, 159.48678588867188, 123.32730102539062, 95.5682601928711, 74.16471862792969, 57.61981201171875, 44.8093376159668, 34.878047943115234, 27.17091178894043, 21.18435287475586, 16.530330657958984, 12.909340858459473, 10.089906692504883, 7.892930030822754, 6.179708003997803, 4.842726230621338], "loss2": [1394.7670169067405, 1057.7359410754743, 815.5318041593964, 636.9845011107609, 500.8112883523718, 394.5293021957914, 310.81955372256925, 244.74020366597688, 192.59977680502925, 151.50615778309293, 119.15993981715292, 93.72579762525856, 73.74169263476506, 58.04789558518678, 45.72639310546219, 36.05328528769314, 28.45864838734269, 22.494902042672038, 456.13893790066004, 344.520523038198, 263.8377654156229, 203.55245421452855, 157.73859412917955, 122.60397446570278, 95.5141307717422, 74.5540616986691, 58.29566299304133, 45.659234042745084, 35.82202265970409, 28.1531122578308, 22.16700681205839, 17.48913479037583, 13.829405512660742, 10.963607869111001, 8.716466357931495, 6.9530593529343605, 380.74272382126946, 287.5624787118859, 220.1491387914366, 169.7173440341976, 131.3530662674675, 101.91990947243903, 79.23272339015966, 61.69502944269334, 48.111440879583824, 37.573647075740155, 29.388436363777146, 23.023241500835866, 18.067948557669297, 14.206496046623215, 11.194764327257872, 8.84302049037069, 7.005358609836549, 5.568009725771844, 363.2293461077097, 274.3326595465978, 209.99924803767408, 161.8491919521548, 125.20524230836963, 97.083143219068, 75.40424459479982, 58.64839027894777, 45.67470680712722, 35.61636732832994, 27.809147643856704, 21.743318523280323, 17.026617916766554, 13.355548950377852, 10.496140816248953, 8.267151302658021, 6.5282839294523, 5.170316954609007, 358.0563637030664, 270.42418405329136, 206.99456669043502, 159.50745888785423, 123.3581390467698, 95.60974078915751, 74.21718817215151, 57.68391271853761, 44.88514488027431, 34.96551863185596, 27.27006965863984, 21.29431385989301, 16.65086221555248, 13.03989275218919, 10.22955770790577, 8.040963641367853, 6.335342841222882, 5.005486603826284], "acc_tr": [0.13671875, 0.46044921875, 0.71337890625, 0.810546875, 0.850830078125, 0.8701171875, 0.8837890625, 0.89404296875, 0.904541015625, 0.913818359375, 0.919189453125, 0.925048828125, 0.9287109375, 0.93017578125, 0.93408203125, 0.939208984375, 0.943603515625, 0.946533203125, 0.899658203125, 0.90185546875, 0.904052734375, 0.906005859375, 0.908203125, 0.9111328125, 0.91357421875, 0.916748046875, 0.9208984375, 0.92333984375, 0.926513671875, 0.928955078125, 0.93115234375, 0.93505859375, 0.93896484375, 0.94189453125, 0.94482421875, 0.947265625, 0.923583984375, 0.924560546875, 0.925048828125, 0.92578125, 0.927001953125, 0.928955078125, 0.92919921875, 0.931640625, 0.93310546875, 0.9345703125, 0.936279296875, 0.938232421875, 0.940673828125, 0.943603515625, 0.94580078125, 0.947998046875, 0.949951171875, 0.952392578125, 0.933349609375, 0.93359375, 0.93505859375, 0.9365234375, 0.9375, 0.9384765625, 0.939697265625, 0.940673828125, 0.942138671875, 0.943603515625, 0.945556640625, 0.94775390625, 0.94970703125, 0.95166015625, 0.953369140625, 0.954833984375, 0.956787109375, 0.9580078125, 0.936279296875, 0.9365234375, 0.9375, 0.938720703125, 0.939697265625, 0.940673828125, 0.941650390625, 0.943603515625, 0.9443359375, 0.946533203125, 0.947265625, 0.94873046875, 0.949951171875, 0.952880859375, 0.953125, 0.95458984375, 0.9560546875, 0.957275390625], "acc_te": [0.1325, 0.4579, 0.7133, 0.8092, 0.8426, 0.8588, 0.8664, 0.8733, 0.878, 0.8836, 0.8878, 0.8919, 0.8959, 0.8975, 0.9002, 0.902, 0.9045, 0.9072, 0.9077, 0.9081, 0.9091, 0.9097, 0.9108, 0.9111, 0.9128, 0.9134, 0.9142, 0.9147, 0.916, 0.917, 0.9191, 0.9203, 0.9214, 0.9221, 0.9232, 0.9242, 0.9242, 0.9249, 0.9252, 0.9253, 0.9256, 0.9258, 0.9259, 0.9257, 0.9255, 0.9259, 0.927, 0.9272, 0.9279, 0.9283, 0.9287, 0.9293, 0.9299, 0.9302, 0.9302, 0.9307, 0.9305, 0.9306, 0.9309, 0.9314, 0.932, 0.9321, 0.9326, 0.9327, 0.9333, 0.9333, 0.9337, 0.9339, 0.9338, 0.9344, 0.9344, 0.9346, 0.9342, 0.9341, 0.9342, 0.9341, 0.9343, 0.9345, 0.9343, 0.9344, 0.9341, 0.9346, 0.9345, 0.935, 0.9348, 0.9354, 0.9353, 0.935, 0.9353, 0.9353]}