{"loss1": [1392.66943359375, 1051.804931640625, 810.7175903320312, 633.5812377929688, 498.1090087890625, 392.1523742675781, 308.6256103515625, 242.6944122314453, 190.70327758789062, 149.76568603515625, 612.1131591796875, 462.29461669921875, 354.0831298828125, 273.30999755859375, 211.95115661621094, 164.87086486816406, 128.5240020751953, 100.3514404296875, 78.45530700683594, 61.4041862487793, 460.2181701660156, 347.5768737792969, 266.1131591796875, 205.20169067382812, 158.8810272216797, 123.34011840820312, 95.93064880371094, 74.72401428222656, 58.27961349487305, 45.506290435791016, 411.6806640625, 310.91925048828125, 238.01290893554688, 183.46209716796875, 141.9551239013672, 110.10041809082031, 85.5379867553711, 66.54417419433594, 51.827842712402344, 40.40879440307617, 392.3033447265625, 296.28466796875, 226.79335021972656, 174.77857971191406, 135.18804931640625, 104.79861450195312, 81.36624145507812, 63.250022888183594, 49.21902847290039, 38.337562561035156, 387.41705322265625, 292.59429931640625, 223.9582061767578, 172.5710906982422, 133.44903564453125, 103.41435241699219, 80.25448608398438, 62.350440979003906, 48.486663818359375, 37.738399505615234, 390.0844421386719, 294.60882568359375, 225.4932861328125, 173.73883056640625, 134.3308563232422, 104.07347106933594, 80.74118041992188, 62.70485305786133, 48.740562438964844, 37.916725158691406, 366.95587158203125, 277.14111328125, 212.11769104003906, 163.4203338623047, 126.3348388671875, 97.8578872680664, 75.8979263305664, 58.923301696777344, 45.782718658447266, 35.599395751953125, 359.90447998046875, 271.81561279296875, 208.03758239746094, 160.26806640625, 123.88544464111328, 95.94625854492188, 74.40055847167969, 57.74669647216797, 44.85557174682617, 34.866947174072266], "loss2": [1396.2124082485952, 1058.7444238844992, 816.2719455104252, 637.5014898806512, 501.1424081262958, 394.7270352176565, 310.92801122000674, 244.79132682451745, 192.61464034300297, 151.49954715371132, 612.1348863887088, 462.3809612949444, 354.25644320723404, 273.5736359140683, 212.3012804996979, 165.30063852106105, 129.02318605137407, 100.90742507140385, 79.0539802017156, 62.031539022922516, 460.2237882172212, 347.60199485834437, 266.1697464235949, 205.29786327640613, 159.02152745020794, 123.52665380754479, 96.16241830895888, 74.9982730349002, 58.59159409214044, 45.8500591799384, 411.6836251467348, 310.9326639976189, 238.0445964479004, 183.51822948602057, 142.04024935063353, 110.21730409151496, 85.68779757725133, 66.72646107134642, 52.04090671194717, 40.64997119049076, 392.3055129410468, 296.2939314384257, 226.81539532872375, 174.81923989025745, 135.2498889816743, 104.88491151882772, 81.47874353357474, 63.38910138068604, 49.38385150616523, 38.526580710778944, 387.4186440984631, 292.6014548779767, 223.97547861677867, 172.60263522536297, 133.49852390654632, 103.48448137615196, 80.3463081040536, 62.464807968135574, 48.62379512222833, 37.89699341467349, 390.08583240651024, 294.61545426709745, 225.50821228985114, 173.76597817520633, 134.3736555032301, 104.13428880359425, 80.82179749297211, 62.806285183047294, 48.86273584116134, 38.0591685132822, 366.9571950277814, 277.1458579586242, 212.12938195805145, 163.441850225272, 126.3692086188039, 97.90735038208004, 75.96407593254844, 59.00727089670545, 45.88450503585045, 35.71927402255824, 359.90544070149735, 271.8197863222822, 208.04774437154174, 160.28702507201706, 123.91566448061349, 95.98997346148826, 74.45929891119886, 57.82158187996538, 44.94692687920178, 34.97475141825271], "acc_tr": [0.13623046875, 0.455322265625, 0.725830078125, 0.821044921875, 0.858642578125, 0.8798828125, 0.89111328125, 0.900634765625, 0.908203125, 0.915283203125, 0.88037109375, 0.8828125, 0.884765625, 0.88916015625, 0.892822265625, 0.8974609375, 0.9033203125, 0.909423828125, 0.9130859375, 0.91748046875, 0.90771484375, 0.908935546875, 0.911865234375, 0.91357421875, 0.917236328125, 0.92041015625, 0.9228515625, 0.9248046875, 0.92626953125, 0.928466796875, 0.9140625, 0.914794921875, 0.915771484375, 0.916259765625, 0.917724609375, 0.919677734375, 0.92138671875, 0.9228515625, 0.925048828125, 0.92724609375, 0.917236328125, 0.91796875, 0.918701171875, 0.919921875, 0.92236328125, 0.923828125, 0.925537109375, 0.927734375, 0.930419921875, 0.93310546875, 0.919189453125, 0.91943359375, 0.920166015625, 0.921630859375, 0.922607421875, 0.9248046875, 0.92724609375, 0.93017578125, 0.931396484375, 0.935546875, 0.912841796875, 0.914794921875, 0.915771484375, 0.91748046875, 0.91943359375, 0.921875, 0.92431640625, 0.92578125, 0.927734375, 0.9306640625, 0.920654296875, 0.92236328125, 0.92333984375, 0.925048828125, 0.927001953125, 0.929443359375, 0.93115234375, 0.933837890625, 0.93603515625, 0.9384765625, 0.927734375, 0.927734375, 0.92822265625, 0.929443359375, 0.9296875, 0.93115234375, 0.93212890625, 0.933837890625, 0.935546875, 0.937744140625], "acc_te": [0.1283, 0.4567, 0.7214, 0.8138, 0.8454, 0.8608, 0.8704, 0.8774, 0.8831, 0.8883, 0.889, 0.8898, 0.8911, 0.893, 0.8948, 0.8961, 0.8971, 0.899, 0.9012, 0.9029, 0.9031, 0.9033, 0.9039, 0.9045, 0.9053, 0.906, 0.9077, 0.9085, 0.9093, 0.9101, 0.9104, 0.9112, 0.912, 0.9123, 0.9129, 0.9142, 0.9148, 0.9151, 0.9159, 0.9168, 0.9168, 0.9174, 0.9173, 0.9171, 0.9173, 0.9175, 0.9178, 0.919, 0.92, 0.9209, 0.9208, 0.9213, 0.9218, 0.922, 0.9226, 0.9226, 0.9235, 0.9241, 0.9247, 0.9255, 0.9256, 0.9253, 0.9254, 0.9251, 0.9247, 0.9254, 0.9258, 0.9263, 0.927, 0.9277, 0.9278, 0.9279, 0.9278, 0.928, 0.928, 0.9284, 0.9286, 0.9288, 0.9294, 0.9291, 0.9294, 0.9295, 0.9296, 0.9299, 0.9298, 0.9303, 0.9307, 0.9312, 0.932, 0.9323]}