{"loss1": [14.391305418809255, 6.910270125170549, 6.6962629539271195, 6.918637009461721, 6.163977720588446, 6.350574343899885, 5.62855717651546, 5.646101888393362, 5.599956502392888, 6.222314677139123, 5.22905626061062, 5.485061425964037, 5.241015813002984, 5.546654164666931, 5.418655272200704, 4.7280474252998825, 4.620892499883969, 4.9569531444460155, 4.7605008140206335, 4.821517918383082, 4.977254110078017, 4.474650946011146, 4.754853312174479, 4.583998265614112, 4.468997021143635, 4.617734331016739, 4.602861032262444, 4.152124951221049, 4.334716185865303, 5.147423404703537, 4.66145904113849, 4.387515739786128, 4.491859839297831, 4.938242224355538, 4.588386272204419, 4.72652252924939, 4.632380579287807, 4.793981020152569, 4.726513295993209, 4.4209789237007495, 4.630995828782519, 3.8488107613598306, 4.61120366435498, 4.577932750930389, 4.185325362098713, 4.380406937624017, 4.09005378279835, 3.6405589003736774, 4.230752451779941, 3.9696162797510626], "loss2": [15.131315430910782, 7.048746586426683, 6.78739542352781, 6.994018693874252, 6.221113593741817, 6.399488959726767, 5.668199467376267, 5.68152979682976, 5.630634203780299, 6.251740221778854, 5.252689615401024, 5.508329053327225, 5.261909714019041, 5.567935473540831, 5.438131850373628, 4.744711147195152, 4.636384378463483, 4.97274709159215, 4.775277355337933, 4.83598791630882, 4.99109536499651, 4.48655083171119, 4.767431827531709, 4.595798255797537, 4.480692241601068, 4.629398801394958, 4.613938657540414, 4.162049959062274, 4.344986782425309, 5.159088786286806, 4.671116993806645, 4.39650637024832, 4.501641024029395, 4.948471276130551, 4.5976658698679245, 4.736011464071949, 4.6416603572430235, 4.803359887809553, 4.735874482088089, 4.429405229291422, 4.639259941339064, 3.856196608323232, 4.619614316057943, 4.586023746256484, 4.192651768248641, 4.3880960363792205, 4.097213359878228, 3.646879981597787, 4.2377600064291165, 3.9760683268931225], "acc_tr": [1.0, 1.0, 1.0, 1.0, 1.0, 1.0, 0.99609375, 0.99609375, 1.0, 1.0, 1.0, 1.0, 1.0, 1.0, 1.0, 1.0, 1.0, 0.99609375, 1.0, 1.0, 1.0, 1.0, 1.0, 1.0, 1.0, 1.0, 1.0, 1.0, 1.0, 1.0, 1.0, 1.0, 1.0, 1.0, 1.0, 1.0, 1.0, 1.0, 1.0, 1.0, 1.0, 1.0, 1.0, 1.0, 1.0, 1.0, 1.0, 1.0, 1.0, 1.0], "acc_te": [0.7768, 0.7878, 0.8059, 0.8197, 0.8417, 0.8337, 0.8578, 0.8631, 0.8581, 0.8616, 0.8657, 0.8761, 0.8692, 0.8827, 0.8834, 0.887, 0.8857, 0.8936, 0.8897, 0.8944, 0.8953, 0.8968, 0.9002, 0.8988, 0.8982, 0.9061, 0.9031, 0.9041, 0.9015, 0.9048, 0.9024, 0.9125, 0.9065, 0.9056, 0.909, 0.9076, 0.9095, 0.9076, 0.9076, 0.9061, 0.9047, 0.9082, 0.9101, 0.9126, 0.9157, 0.9156, 0.9146, 0.9181, 0.9201, 0.9188], "time": [2.979041337966919, 2.937030792236328, 2.9420418739318848, 2.9355416297912598, 2.930495262145996, 2.9319136142730713, 2.9310173988342285, 2.95146107673645, 2.9345810413360596, 2.924003839492798, 2.9430365562438965, 2.9339938163757324, 2.97153902053833, 2.93896222114563, 2.947493314743042, 2.9354965686798096, 2.9296140670776367, 2.953988552093506, 2.9604334831237793, 2.9750375747680664, 2.9410817623138428, 2.947840690612793, 2.9584693908691406, 2.9664626121520996, 2.9815382957458496, 2.969498634338379, 2.9714481830596924, 2.9699459075927734, 2.978498697280884, 2.970465898513794, 2.976419448852539, 2.9780826568603516, 2.965453624725342, 2.9715023040771484, 2.9475083351135254, 2.934504508972168, 2.944964647293091, 2.952535390853882, 2.9399969577789307, 2.949624538421631, 2.933457374572754, 2.953427791595459, 2.950498580932617, 2.9354593753814697, 2.9764626026153564, 2.9679625034332275, 2.981083631515503, 2.9819586277008057, 2.975956916809082, 2.9645330905914307]}