{"loss1": [2.019992026531448, 1.1370715663923572, 1.4405703268789998, 1.4812210951698943, 1.3812899402711385, 1.3145310276323774, 1.302334076129288, 1.254730096764009, 1.2107973581141172, 1.3360764054911367, 1.3485377864582309, 1.2007006460393312, 1.0254715975325477, 1.313605717207732, 1.0966944429984626, 1.1226137515332084, 1.3794731741509167, 1.4084922889907223, 1.1713253985954604, 1.0737626527882336, 0.8649924402110628, 0.9696039686716783, 0.9742526976600251, 1.0938139069447061, 1.30443288955139, 1.1273587397309408, 1.2528048240812495, 1.1451253219531887, 1.0397039987986014, 1.1048608969460474, 1.0042807156714844, 1.0238292092937626, 1.1000990261833068, 1.096297655151769, 1.0810703017472405, 1.0401125563133973, 1.0279654628883388, 1.0098475206536628, 0.8483346175028904, 0.8795890696967642, 0.9266658929739303, 0.9227506721110937, 0.8505500059230447, 0.9196722581124049, 0.9114824885958418, 1.0348948929386097, 0.9993850306641737, 0.9313272163039074, 0.8019664511409549, 0.8581693496671505, 0.9826469449772655, 0.7887875432500248, 0.7312031926143391, 0.9095095845812466, 0.8658179700335799, 0.6842077482125508, 0.8159285099590003, 0.8280206671348423, 0.9422337537786613, 0.8546445042675865, 0.7710955715694581, 0.8159171962552743, 0.8044273934040879, 0.6691841745821876, 0.8346671412597061, 0.9261299052091393, 0.789222622539334, 0.7417092677644784, 0.6302817940515524, 0.643581054831399, 0.6794584801406017, 0.8053633805876113, 0.8750471154996678, 0.6947381316851533, 0.7032177332970605, 0.6712635441673531, 0.7892846995697861, 0.7207003980991431, 0.7159410325805463, 0.705366526155558, 0.6356974531488959, 0.5341140804902049, 0.6962426973310357, 0.7286531144403853, 0.5933888067665976, 0.6487735885532554, 0.6503259583289036, 0.5876169512785661, 0.5152393736369656, 0.5151343988080044, 0.578170448023108, 0.6045886264141397, 0.6704439195154313, 0.5391636970222559, 0.6818733664811589, 0.5818226465911721, 0.5541586623941839, 0.607493379136334, 0.5333339621247433, 0.5790447917810525], "loss2": [2.2702923565606814, 1.1811302133419441, 1.4803366257119392, 1.511830710063682, 1.407785612994391, 1.3365849144583835, 1.3206845491964312, 1.2738635113010064, 1.229092035471614, 1.353966334422728, 1.365350791243387, 1.214523021209509, 1.0367863455673316, 1.3280438001002963, 1.1080601066972, 1.1330449238145255, 1.391952301561726, 1.4199279165540901, 1.1809154371503472, 1.0828644309442188, 0.872596270914959, 0.9776053736472127, 0.9826248229245075, 1.103113101043583, 1.3144003431189473, 1.1361238560779257, 1.2610160400823736, 1.1531613792107474, 1.0477811702367683, 1.1119919490859584, 1.0113174155828524, 1.0305386430205408, 1.106839634862309, 1.1035198563392534, 1.0876079191183772, 1.0469292422144088, 1.034181555240329, 1.0160019757064958, 0.8535252060415457, 0.885130122297166, 0.9322112811788194, 0.9278415958333672, 0.8559075459197004, 0.9250376572172946, 0.9166235587297682, 1.040262339021006, 1.004616459133616, 0.936397256624088, 0.8068689468748631, 0.8632527708747953, 0.9885155275930817, 0.7931406048188318, 0.7351252300391468, 0.9149613202049134, 0.8710161902873423, 0.68836244723958, 0.8204351984595647, 0.8325394651462777, 0.9473587361185137, 0.8592556196518338, 0.7753423595095109, 0.8201996172244892, 0.8083850128052424, 0.6727248426891107, 0.8390294517274669, 0.9308415945658114, 0.7930402818811161, 0.7454073550827806, 0.6335295771774142, 0.6469766925068361, 0.6824818478359581, 0.8091573671278849, 0.8790155968730528, 0.6978972613685751, 0.7065765476053869, 0.6744641193169857, 0.7927803047562557, 0.723675394368709, 0.7197687668765599, 0.7086675772140797, 0.6390590218479787, 0.5368039555716417, 0.6997375354409044, 0.7319281892234968, 0.5964134518932693, 0.652011514151443, 0.6536686989552964, 0.5903161447973486, 0.5177065900381127, 0.5175227484502802, 0.5812934471292565, 0.6074982221907285, 0.6739814834617591, 0.5417380020637128, 0.6850145137358028, 0.5848116969133528, 0.556480527040628, 0.6101411115679402, 0.5356221614809812, 0.5816397115989501], "acc_tr": [0.9114583333333334, 0.9369791666666667, 0.92578125, 0.92890625, 0.9520833333333333, 0.9447916666666667, 0.9578125, 0.9453125, 0.9440104166666666, 0.9458333333333333, 0.9497395833333333, 0.9575520833333333, 0.9729166666666667, 0.93984375, 0.9666666666666667, 0.9544270833333334, 0.9432291666666667, 0.95078125, 0.9783854166666667, 0.96640625, 0.9927083333333333, 0.9635416666666666, 0.9684895833333333, 0.9541666666666667, 0.9377604166666667, 0.96875, 0.9536458333333333, 0.9609375, 0.9716145833333333, 0.9671875, 0.9700520833333334, 0.9591145833333333, 0.9526041666666667, 0.9575520833333333, 0.9705729166666667, 0.96640625, 0.9700520833333334, 0.9611979166666667, 0.9763020833333333, 0.9736979166666667, 0.9703125, 0.9786458333333333, 0.9747395833333333, 0.9638020833333333, 0.9734375, 0.9541666666666667, 0.96484375, 0.95859375, 0.9786458333333333, 0.9703125, 0.9614583333333333, 0.9786458333333333, 0.9833333333333333, 0.965625, 0.9643229166666667, 0.9815104166666667, 0.9708333333333333, 0.9653645833333333, 0.9669270833333333, 0.97421875, 0.9796875, 0.9838541666666667, 0.9723958333333333, 0.97890625, 0.9627604166666667, 0.9671875, 0.975, 0.9739583333333334, 0.9854166666666667, 0.9791666666666666, 0.9859375, 0.9645833333333333, 0.9674479166666666, 0.9802083333333333, 0.9872395833333333, 0.9817708333333334, 0.96484375, 0.9794270833333333, 0.96796875, 0.98359375, 0.9807291666666667, 0.99296875, 0.9747395833333333, 0.9794270833333333, 0.9869791666666666, 0.9799479166666667, 0.9713541666666666, 0.9859375, 0.9911458333333333, 0.9911458333333333, 0.9796875, 0.9760416666666667, 0.9611979166666667, 0.9848958333333333, 0.9703125, 0.96640625, 0.9877604166666667, 0.9890625, 0.9854166666666667, 0.9825520833333333], "acc_te": [0.5909733333333332, 0.6732866666666666, 0.7124183333333332, 0.7234533333333332, 0.7318399999999999, 0.7112249999999999, 0.7210166666666668, 0.7230283333333334, 0.7161100000000002, 0.72648, 0.7334633333333335, 0.7366516666666667, 0.7506083333333335, 0.7398616666666668, 0.7448916666666668, 0.7773349999999998, 0.7816166666666664, 0.7525833333333333, 0.7698599999999999, 0.7863450000000002, 0.7739849999999998, 0.7987533333333333, 0.8000716666666666, 0.7988000000000001, 0.7966083333333333, 0.796575, 0.8032649999999997, 0.811138333333333, 0.8170516666666667, 0.8080916666666667, 0.8039683333333332, 0.8101866666666668, 0.8108150000000004, 0.8142499999999999, 0.8181566666666669, 0.8265366666666664, 0.8391033333333334, 0.8321033333333331, 0.8216616666666667, 0.8195783333333337, 0.8309933333333331, 0.8445366666666665, 0.8434533333333334, 0.8453583333333332, 0.8521883333333331, 0.8343483333333334, 0.8362900000000001, 0.8432633333333333, 0.8429333333333336, 0.8440216666666664, 0.8557183333333335, 0.8688300000000001, 0.8588516666666666, 0.8544583333333334, 0.8463183333333333, 0.8531283333333334, 0.8508683333333334, 0.853405, 0.8455049999999998, 0.8564183333333334, 0.8615066666666664, 0.8601133333333334, 0.8711016666666664, 0.8732466666666667, 0.8770000000000002, 0.8715666666666665, 0.8707699999999999, 0.86882, 0.8789533333333333, 0.8823716666666663, 0.8856116666666665, 0.8744000000000002, 0.8822666666666666, 0.8854033333333332, 0.8860550000000001, 0.8890583333333332, 0.8920899999999998, 0.8885983333333335, 0.8938816666666669, 0.8910966666666663, 0.8871050000000003, 0.8935183333333331, 0.8923433333333334, 0.8821066666666666, 0.893803333333333, 0.8977700000000001, 0.8950033333333334, 0.8946049999999999, 0.8988416666666669, 0.8950516666666668, 0.8974383333333332, 0.8987049999999999, 0.8970616666666665, 0.8923933333333334, 0.8965366666666664, 0.894005, 0.898216666666667, 0.9021966666666665, 0.9001516666666666, 0.9018633333333334],