{"loss_tr": [0.035400172265370684, 0.03396789800723394, 0.03391329883337021, 0.03389776145617167, 0.03389111184676488, 0.03388058734337489, 0.03387332495450974, 0.03386669178009033, 0.03386662648121516, 0.0338619278828303, 0.033859956630071006, 0.03385762193600337, 0.033857134779294334, 0.03385474727153778, 0.033852823436260226, 0.0338504070520401, 0.03385057190656662, 0.03384877466360728, 0.033847593228022256, 0.03384998432795207, 0.03384460821946462, 0.03384481020371119, 0.03384180444478989, 0.0338398632367452, 0.03384128806591034, 0.03384115958213806, 0.03384018592437108, 0.03384443011283875, 0.03384165544907252, 0.03383931603829066, 0.03383887118895849, 0.03383893214464188, 0.033841741104920706, 0.03383969599803289, 0.033838168859481814, 0.03383759226004283, 0.033836316136519114, 0.03383857422669729, 0.033837272644042966, 0.03383848609129588, 0.03383580579360326, 0.03383910111586253, 0.03383638078371684, 0.033836748258272806, 0.033834934258461, 0.03383680276075999, 0.03383920243581136, 0.033835786493619284, 0.03383440111875534, 0.033835226265589394], "loss_te": [0.034166251003742217, 0.034041750407218935, 0.0340108327627182, 0.03402474229335785, 0.034000916445255276, 0.03399192199707031, 0.03399540823698044, 0.03399309207201004, 0.033980581307411196, 0.0339966068983078, 0.03397002385854721, 0.033967620158195495, 0.03397983251810074, 0.03398230646848679, 0.03398192372322083, 0.03397192288637161, 0.033980059111118316, 0.0339679101228714, 0.03396752607822418, 0.03398922646045685, 0.03396017836332321, 0.033973881030082705, 0.033958268654346466, 0.03396726665496826, 0.03396663421392441, 0.033971900701522825, 0.033967310881614685, 0.03397072985172272, 0.03397212347984314, 0.03396421216726303, 0.03395871472358704, 0.03395632506608963, 0.033976945185661314, 0.03396676964759827, 0.03396648845672608, 0.033957509338855746, 0.03397846970558167, 0.03396492984294892, 0.033955554592609405, 0.033953626883029935, 0.03397367405891418, 0.033963002824783324, 0.033961101770401, 0.03395658396482468, 0.0339490049123764, 0.0339671454668045, 0.033967768573760986, 0.03395673645734787, 0.03396525728702545, 0.03395755037069321], "acc_tr": [0.45966666666666667, 0.7513333333333333, 0.8196833333333333, 0.8445666666666667, 0.8571, 0.8721166666666667, 0.8777333333333334, 0.8860166666666667, 0.88865, 0.8963333333333333, 0.8995, 0.9017166666666667, 0.90465, 0.9080833333333334, 0.9115833333333333, 0.9128333333333334, 0.91545, 0.9175, 0.9175333333333333, 0.9202333333333333, 0.9218, 0.9226333333333333, 0.9247, 0.9262, 0.92565, 0.9274, 0.9294, 0.9291833333333334, 0.93, 0.9303333333333333, 0.9318166666666666, 0.9325666666666667, 0.9328166666666666, 0.9340333333333334, 0.9347833333333333, 0.93565, 0.9362833333333334, 0.9370166666666667, 0.9372666666666667, 0.93685, 0.9383, 0.9398, 0.9398666666666666, 0.94065, 0.9408833333333333, 0.9405666666666667, 0.9426666666666667, 0.9427666666666666, 0.9433333333333334, 0.9448], "acc_te": [0.6862, 0.8014, 0.8411, 0.8534, 0.8672, 0.8809, 0.8864, 0.8869, 0.895, 0.8962, 0.9008, 0.9066, 0.9081, 0.9103, 0.9143, 0.9192, 0.9167, 0.92, 0.9228, 0.9237, 0.9265, 0.9274, 0.9283, 0.9272, 0.9302, 0.9307, 0.9321, 0.9283, 0.9328, 0.933, 0.935, 0.9359, 0.9315, 0.9367, 0.9356, 0.9378, 0.9375, 0.9391, 0.9384, 0.9378, 0.9425, 0.9423, 0.9393, 0.942, 0.9408, 0.9426, 0.9446, 0.9449, 0.9431, 0.9452], "times": [2.323455810546875, 1.0459997653961182, 1.0224993228912354, 1.0129992961883545, 1.1039979457855225, 1.0595002174377441, 1.0814993381500244, 1.1299991607666016, 1.1229982376098633, 1.1264989376068115, 1.1475000381469727, 1.1269984245300293, 1.1309993267059326, 1.1244993209838867, 1.1735000610351562, 1.154999017715454, 1.237499475479126, 1.2744994163513184, 1.198997974395752, 1.2039988040924072, 1.0830001831054688, 1.1454992294311523, 1.2079992294311523, 1.1439979076385498, 1.108497142791748, 1.1669986248016357, 1.1439993381500244, 1.134498119354248, 1.1464991569519043, 1.1499991416931152, 1.1279990673065186, 1.1434991359710693, 1.080498456954956, 1.2099990844726562, 1.1449987888336182, 1.1494991779327393, 1.1339991092681885, 1.1529982089996338, 1.1119990348815918, 1.0799992084503174, 1.1234991550445557, 1.1289994716644287, 1.1349987983703613, 1.1294994354248047, 1.1169989109039307, 1.1809990406036377, 1.1460001468658447, 1.133500576019287, 1.1814992427825928, 1.1764991283416748]}