{"loss_tr": [0.03551759669780731, 0.033975711425145466, 0.03391840142806371, 0.033904242678483326, 0.03389179505904515, 0.033884070245424905, 0.033874781811237334, 0.0338745402932167, 0.03386650686264038, 0.03386216555436452, 0.03385745222568512, 0.0338561097184817, 0.03385493451754252, 0.0338529203136762, 0.033852264297008515, 0.03385068816343943, 0.03385136211315791, 0.03384838523864746, 0.033845050021012624, 0.03384568589131037, 0.033844402786095934, 0.03384371743996938, 0.03384232507149378, 0.03384350364208222, 0.03384328947464625, 0.03384231370687485, 0.033843008542060855, 0.03384208514690399, 0.03383842340707779, 0.03384132370948791, 0.03383865129550298, 0.03383909986416499, 0.03383810886144638, 0.03383882987896601, 0.03383716359933217, 0.033837848611672716, 0.0338380415558815, 0.03383700670003891, 0.03383716633717219, 0.03383377358913422, 0.03383494007984797, 0.0338355460246404, 0.03383738755782445, 0.03383645387490591, 0.033834249238173165, 0.03383393253485362, 0.03383528504371643, 0.03383503311077754, 0.033834121652444205, 0.03383643364508947], "loss_te": [0.034272127389907835, 0.03406593794822693, 0.03402090647220612, 0.03401177419424057, 0.03399553852081299, 0.03399434806108475, 0.0339967861533165, 0.03399353588819504, 0.033989595985412596, 0.033975623440742495, 0.03397688691616058, 0.033976794528961185, 0.03397927063703537, 0.033980689334869384, 0.033962466919422146, 0.03397091722488403, 0.03397415850162506, 0.03397210961580276, 0.03397248113155365, 0.03395244114398956, 0.03396570369005203, 0.03398557674884796, 0.03397491946220398, 0.033958895659446715, 0.03396681203842163, 0.03395849639177322, 0.033964969658851624, 0.03397350643873215, 0.033968340945243834, 0.03397291866540909, 0.03397025525569916, 0.0339598379611969, 0.0339508030295372, 0.033964257085323336, 0.03396638203859329, 0.03396671493053436, 0.03394588253498077, 0.03397083282470703, 0.03396567813158035, 0.03395969508886337, 0.033956550681591036, 0.033960279381275174, 0.03395867574214935, 0.03396413059234619, 0.03397325975894928, 0.03397356729507446, 0.033964961874485014, 0.03396335483789444, 0.0339636124253273, 0.033957394981384274], "acc_tr": [0.4341333333333333, 0.7456333333333334, 0.8137, 0.8386833333333333, 0.8585666666666667, 0.86995, 0.8817333333333334, 0.8863166666666666, 0.8930833333333333, 0.8969333333333334, 0.8998, 0.9045333333333333, 0.9077833333333334, 0.9093833333333333, 0.9122166666666667, 0.9144166666666667, 0.91525, 0.9193666666666667, 0.9224833333333333, 0.9205166666666666, 0.9234166666666667, 0.9258833333333333, 0.9272833333333333, 0.9280666666666667, 0.92875, 0.9298833333333333, 0.9306166666666666, 0.9321333333333334, 0.9334666666666667, 0.93255, 0.9347833333333333, 0.93665, 0.9360666666666667, 0.9363166666666667, 0.93725, 0.9370666666666667, 0.93765, 0.9392, 0.9394333333333333, 0.9413833333333333, 0.9415166666666667, 0.9419833333333333, 0.9422166666666667, 0.9424333333333333, 0.9437, 0.9440666666666667, 0.9422166666666667, 0.94495, 0.9454833333333333, 0.9452833333333334], "acc_te": [0.6291, 0.7937, 0.841, 0.8556, 0.8735, 0.8861, 0.8899, 0.8964, 0.893, 0.9039, 0.9069, 0.9099, 0.9135, 0.917, 0.9196, 0.9183, 0.9195, 0.9248, 0.9263, 0.9268, 0.9289, 0.9287, 0.927, 0.9313, 0.9319, 0.9347, 0.9356, 0.9353, 0.9378, 0.9348, 0.9372, 0.9402, 0.9408, 0.9396, 0.9399, 0.9375, 0.9411, 0.9413, 0.9417, 0.9438, 0.9429, 0.9451, 0.9417, 0.9463, 0.9474, 0.9449, 0.9455, 0.9469, 0.9475, 0.9478], "times": [3.5609078407287598, 3.3939812183380127, 3.411970853805542, 3.4048187732696533, 3.4933278560638428, 3.4252772331237793, 3.3683435916900635, 3.425603151321411, 3.4371535778045654, 3.4520936012268066, 3.415919303894043, 3.398151397705078, 3.4456512928009033, 3.4899966716766357, 3.392320156097412, 3.4221713542938232, 3.391389846801758, 3.4003546237945557, 3.4311106204986572, 3.4043962955474854, 3.4309825897216797, 3.4277963638305664, 3.386781930923462, 3.388007402420044, 3.4561872482299805, 3.405965805053711, 3.415235757827759, 3.528867721557617, 3.433123826980591, 3.424042224884033, 3.407907485961914, 3.396364688873291, 3.431114435195923, 3.468416929244995, 3.4671151638031006, 3.4859354496002197, 3.497499942779541, 3.507256269454956, 3.494495391845703, 3.4123523235321045, 3.5043814182281494, 3.524561882019043, 3.461496114730835, 3.464041233062744, 3.501638412475586, 3.5009677410125732, 3.4039695262908936, 3.5018606185913086, 3.42014479637146, 3.426567554473877]}