{"loss_tr": [0.0359945254166921, 0.03596304494937261, 0.035092764965693156, 0.034109531863530475, 0.033966306833426156, 0.03393757838010788, 0.033924584352970126, 0.0339167848944664, 0.03391083042621613, 0.033905523737271626, 0.03389934679667155, 0.03389792379140854, 0.03389388507604599, 0.03388794685602188, 0.03388572578032811, 0.03388312726020813, 0.03388134189844132, 0.0338813079794248, 0.033877919725577035, 0.033876956860224405, 0.03387340304851532, 0.03387310096025467, 0.033869645059108736, 0.033867730923493704, 0.03386699381271998, 0.03386493789752324, 0.03386298098961512, 0.033862524104118344, 0.03386170048713684, 0.03386048755645752, 0.03386113233963649, 0.033857112952073415, 0.03385756885210673, 0.033860451038678484, 0.0338572919011116, 0.033856209540367124, 0.03385599460999171, 0.03385284339984258, 0.033854805545012155, 0.03385246957937876, 0.033849871488412224, 0.03385357960065206, 0.03385208774805069, 0.033853526707490283, 0.033853286655743914, 0.03384884382486343, 0.03385185256799062, 0.03384842981894811, 0.03385189496278763, 0.033849215841293336], "loss_te": [0.03614370794296265, 0.0359431836605072, 0.034462001836299896, 0.03410410630702972, 0.03405473781824112, 0.03403804868459701, 0.034050689458847046, 0.03402791771888733, 0.03402159911394119, 0.03400987328290939, 0.03400914840698242, 0.03401745562553406, 0.034008029854297635, 0.03402429630756378, 0.03399881711006165, 0.034002849817276, 0.034008575510978696, 0.033994562876224516, 0.03400689880847931, 0.03399363557100296, 0.03400420660972595, 0.033999673938751224, 0.03398472745418549, 0.0339915784239769, 0.033992831373214724, 0.03399494131803513, 0.03398580210208893, 0.03398098528385162, 0.03399203698635101, 0.03399487512111664, 0.03398295152187347, 0.033980904924869534, 0.033977635049819946, 0.033972363007068636, 0.033977880823612215, 0.03397104026079178, 0.03398520059585571, 0.033978701591491696, 0.03397154793739319, 0.03397611689567566, 0.033978794813156125, 0.03398748013973236, 0.03398176696300507, 0.03398165658712387, 0.033970738387107846, 0.033974489283561705, 0.03397469277381897, 0.033986633038520814, 0.03396607741117477, 0.033982559776306154], "acc_tr": [0.30716666666666664, 0.45031666666666664, 0.51085, 0.6563, 0.7439666666666667, 0.78165, 0.8025166666666667, 0.8181, 0.8275333333333333, 0.83415, 0.8418333333333333, 0.8444166666666667, 0.8526666666666667, 0.8564833333333334, 0.86035, 0.86365, 0.8684833333333334, 0.8709333333333333, 0.8731166666666667, 0.8751166666666667, 0.8797833333333334, 0.8819166666666667, 0.8848333333333334, 0.8870666666666667, 0.8888166666666667, 0.8898833333333334, 0.8909666666666667, 0.8936333333333333, 0.8960333333333333, 0.8955666666666666, 0.8964166666666666, 0.8994833333333333, 0.8985666666666666, 0.8999666666666667, 0.9013666666666666, 0.9022666666666667, 0.9047166666666666, 0.90525, 0.9053333333333333, 0.9061833333333333, 0.9082666666666667, 0.9069666666666667, 0.9096, 0.9102333333333333, 0.9109666666666667, 0.91175, 0.9122166666666667, 0.9127166666666666, 0.913, 0.9148833333333334], "acc_te": [0.4546, 0.4685, 0.5777, 0.7347, 0.7785, 0.8035, 0.8245, 0.8371, 0.841, 0.8517, 0.8505, 0.8553, 0.8624, 0.8669, 0.8715, 0.8732, 0.8764, 0.8782, 0.8821, 0.885, 0.8852, 0.8935, 0.8929, 0.8929, 0.8957, 0.896, 0.8955, 0.9016, 0.9034, 0.9009, 0.9062, 0.904, 0.9042, 0.9047, 0.9053, 0.9085, 0.9096, 0.9101, 0.9099, 0.9114, 0.9101, 0.9113, 0.914, 0.9128, 0.9145, 0.9126, 0.9163, 0.9151, 0.9161, 0.9161], "times": [3.5526256561279297, 3.402043342590332, 3.380328893661499, 3.8208978176116943, 3.409571409225464, 3.399923086166382, 3.3861663341522217, 3.4390339851379395, 3.396690845489502, 3.411796808242798, 3.3834221363067627, 3.3445472717285156, 3.36563777923584, 3.4170916080474854, 3.466742992401123, 3.4105985164642334, 3.3799006938934326, 3.3931543827056885, 3.4051828384399414, 3.39701247215271, 3.4416701793670654, 3.350881576538086, 3.3527936935424805, 3.360576868057251, 3.4162967205047607, 3.3912100791931152, 3.3708903789520264, 3.3698055744171143, 3.419846296310425, 3.4278604984283447, 3.711026191711426, 4.262885570526123, 4.297588586807251, 4.399593114852905, 4.354761362075806, 3.4647674560546875, 3.423448085784912, 3.4032089710235596, 3.4025332927703857, 3.4063453674316406, 3.3930823802948, 3.379403829574585, 3.38844633102417, 3.4486238956451416, 3.40492582321167, 3.4795658588409424, 3.37688946723938, 3.424015760421753, 3.3888657093048096, 3.382794141769409]}