{"loss_tr": [0.03397147747675578, 0.03388683050870896, 0.033871178778012594, 0.03385683655341466, 0.03385169289509456, 0.033847179675102236, 0.033841902065277096, 0.03384136429627736, 0.03383989789485931, 0.03383617750008901, 0.03383677355448405, 0.033833901313940686, 0.033835868672529856, 0.03383181897799174, 0.033833737361431124, 0.03383164302508036, 0.033831313304106395, 0.033829064134756726, 0.033833754527568816, 0.03383125898043315, 0.03383096213340759, 0.033830153512954715, 0.033830484314759574, 0.03382642695506414, 0.033831410646438596, 0.033830033322175344, 0.03382915858030319, 0.033828119548161825, 0.03382694913546244, 0.033828104345003766, 0.03382756880521774, 0.03382893672386805, 0.03382914843161901, 0.03382800575097402, 0.03382689485947291, 0.03382709823449453, 0.033827289513746896, 0.03382837984164556, 0.03382791263262431, 0.03382661182483037, 0.03382588218450546, 0.03382717097202937, 0.033827716000874836, 0.03382856208086014, 0.033827627023061115, 0.03382732409238815, 0.033826137634118396, 0.03382811936140061, 0.03382808752854665, 0.033826130374272664], "loss_te": [0.03402609920501709, 0.03398572202920914, 0.033979449820518495, 0.03396476839780808, 0.0339690134882927, 0.03396198801994324, 0.03396205016374588, 0.03397088123559952, 0.03395678207874298, 0.03398440973758698, 0.03397218141555786, 0.033964234459400174, 0.03394965370893478, 0.03396941919326782, 0.033955657243728635, 0.03397508738040924, 0.033956893479824064, 0.03395782513618469, 0.03396925303936005, 0.03395555384159088, 0.03396087543964386, 0.03395852099657059, 0.03395570995807648, 0.03397529163360596, 0.03396879140138626, 0.03395531047582626, 0.033953083074092866, 0.03395583338737488, 0.03395633139610291, 0.03395192401409149, 0.03396518114805221, 0.03396085010766983, 0.03395756812095642, 0.033964476537704465, 0.03395554460287094, 0.03396393876075745, 0.03395729057788849, 0.03395188554525375, 0.03396283019781113, 0.03394927206039429, 0.03396720107793808, 0.0339587072968483, 0.0339530579328537, 0.03395651601552963, 0.03395313084125519, 0.03395469241142273, 0.033945914471149446, 0.033960912442207336, 0.03395106604099274, 0.03396117252111435], "acc_tr": [0.7795166666666666, 0.8598166666666667, 0.8842833333333333, 0.9017, 0.9122, 0.922, 0.9275166666666667, 0.9334833333333333, 0.9368, 0.94035, 0.941, 0.9443833333333334, 0.9447833333333333, 0.9476666666666667, 0.9495333333333333, 0.9512, 0.9524, 0.95595, 0.9564333333333334, 0.9570333333333333, 0.9588166666666667, 0.9594, 0.9605333333333334, 0.9613666666666667, 0.9616166666666667, 0.9619333333333333, 0.9634166666666667, 0.96335, 0.9643666666666667, 0.9646166666666667, 0.9652666666666667, 0.9655833333333333, 0.9672833333333334, 0.9658166666666667, 0.96675, 0.9666333333333333, 0.9678666666666667, 0.9685, 0.9684166666666667, 0.9682166666666666, 0.9687, 0.9685166666666667, 0.969, 0.9696666666666667, 0.9692, 0.9708, 0.9709833333333333, 0.97045, 0.9694833333333334, 0.9711666666666666], "acc_te": [0.8444, 0.8849, 0.9025, 0.9106, 0.9213, 0.9248, 0.9315, 0.9302, 0.9333, 0.9342, 0.944, 0.933, 0.9452, 0.9495, 0.9479, 0.9474, 0.9479, 0.9531, 0.9519, 0.9506, 0.9551, 0.9578, 0.9543, 0.9539, 0.9543, 0.9572, 0.9557, 0.9579, 0.9598, 0.9581, 0.9592, 0.9581, 0.9618, 0.9606, 0.9641, 0.963, 0.9585, 0.9617, 0.9603, 0.9617, 0.9595, 0.9645, 0.9633, 0.9642, 0.9631, 0.9631, 0.9667, 0.9627, 0.9612, 0.9648], "times": [2.469998359680176, 1.1090004444122314, 1.1044995784759521, 1.116499662399292, 1.133500576019287, 1.1590003967285156, 1.171999216079712, 1.1899988651275635, 1.1844990253448486, 1.1929998397827148, 1.1634998321533203, 1.1870005130767822, 1.1934993267059326, 1.1730003356933594, 1.1770000457763672, 1.171999216079712, 1.1944990158081055, 1.1820001602172852, 1.1914992332458496, 1.2010002136230469, 1.2345004081726074, 1.1734991073608398, 1.1864995956420898, 1.1989991664886475, 1.1785001754760742, 1.184000015258789, 1.1719987392425537, 1.319500207901001, 1.258500337600708, 1.3025002479553223, 1.1899995803833008, 1.184499979019165, 1.3110003471374512, 1.2680001258850098, 1.2204995155334473, 1.2044992446899414, 1.2229998111724854, 1.1879982948303223, 1.2290003299713135, 1.1804990768432617, 1.213998794555664, 1.1744999885559082, 1.2325000762939453, 1.2219996452331543, 1.1769981384277344, 1.1884989738464355, 1.19700026512146, 1.1869983673095703, 1.1974997520446777, 1.1820001602172852]}