{"loss_tr": [0.03396627870798111, 0.03389068487087885, 0.03386728996833165, 0.03385579968293508, 0.03384956205288569, 0.033849163734912875, 0.03384076689481735, 0.03384039418697357, 0.03384006913503011, 0.03383736507892609, 0.033835446898142496, 0.03383529595931371, 0.03383339795271555, 0.033833822453022, 0.03383405997753143, 0.03383067054748535, 0.03383122988144557, 0.033832906798521675, 0.03383072425524394, 0.033830256752173105, 0.03382886710166931, 0.033830067777633664, 0.03383006330331167, 0.033829784937699635, 0.03382817041873932, 0.033827600940068564, 0.03382764097849528, 0.03382957981824875, 0.03382865627209346, 0.033827599275112155, 0.033828423698743185, 0.03382771257162094, 0.03382870313723882, 0.03382791038751602, 0.0338293664932251, 0.0338265740831693, 0.03382824981212616, 0.03382827907005946, 0.033829082469145455, 0.033826316293080645, 0.033829660471280415, 0.03382864106098811, 0.033828387725353244, 0.03382707581520081, 0.03382641445795695, 0.03382689174811045, 0.03382874569892883, 0.03382883334557216, 0.03382796195348104, 0.033826363146305084], "loss_te": [0.03402233418226242, 0.033992872011661526, 0.033976245212554934, 0.033971040976047515, 0.03396893701553345, 0.0339567920923233, 0.03397356271743775, 0.033968170642852784, 0.0339606428027153, 0.03398393106460571, 0.03396923311948776, 0.033947161722183226, 0.03397506139278412, 0.03396143804788589, 0.03395155353546143, 0.03397062406539917, 0.033957662522792816, 0.03397002427577973, 0.03395195369720459, 0.03396034933328629, 0.03395753573179245, 0.03394932346343994, 0.033958633172512055, 0.033959911620616914, 0.03395679609775543, 0.033943066191673275, 0.033962555491924284, 0.033958616423606876, 0.03396898050308227, 0.033951205909252165, 0.033967674458026884, 0.03395717284679413, 0.03396432874202728, 0.03396745774745941, 0.03397729012966156, 0.03395338422060013, 0.033955994045734406, 0.03395017889738083, 0.033947840321063995, 0.03395243185758591, 0.03395551732778549, 0.033954281342029574, 0.0339701318860054, 0.033961035335063935, 0.03396578825712204, 0.03395946797132492, 0.03395828927755356, 0.03396819050312042, 0.03395504068136215, 0.0339714112997055], "acc_tr": [0.782, 0.8672333333333333, 0.8950333333333333, 0.9088166666666667, 0.9182166666666667, 0.9233666666666667, 0.9300333333333334, 0.9322333333333334, 0.9364666666666667, 0.9404666666666667, 0.9437166666666666, 0.9463166666666667, 0.9485333333333333, 0.9517333333333333, 0.95295, 0.9540166666666666, 0.95515, 0.9562, 0.95815, 0.9587, 0.9603666666666667, 0.9608166666666667, 0.9612666666666667, 0.9628, 0.9648166666666667, 0.9652666666666667, 0.9659833333333333, 0.9661666666666666, 0.9674333333333334, 0.9679, 0.9676166666666667, 0.9683166666666667, 0.9691166666666666, 0.9699166666666666, 0.9696833333333333, 0.9696833333333333, 0.9700333333333333, 0.9700166666666666, 0.9706, 0.97045, 0.9709833333333333, 0.9719166666666667, 0.9723166666666667, 0.9720666666666666, 0.97265, 0.9731, 0.9734833333333334, 0.9732333333333333, 0.9726666666666667, 0.9729333333333333], "acc_te": [0.8405, 0.8937, 0.904, 0.9196, 0.9259, 0.9326, 0.9284, 0.9377, 0.9409, 0.9365, 0.9419, 0.943, 0.9459, 0.9481, 0.9474, 0.9477, 0.951, 0.9544, 0.9477, 0.9541, 0.9547, 0.957, 0.9572, 0.9592, 0.9596, 0.9577, 0.9615, 0.9577, 0.9625, 0.9621, 0.9584, 0.9626, 0.9643, 0.9628, 0.9547, 0.9589, 0.964, 0.9623, 0.9666, 0.9655, 0.966, 0.9644, 0.9645, 0.9652, 0.9668, 0.9667, 0.965, 0.9658, 0.9667, 0.9578], "times": [3.921898126602173, 3.767315626144409, 1.9288372993469238, 1.921386957168579, 1.925400733947754, 1.909146785736084, 1.9219887256622314, 1.915865182876587, 1.9206936359405518, 1.9201669692993164, 1.929952621459961, 1.9158556461334229, 1.9288873672485352, 1.9336884021759033, 1.9366562366485596, 1.9295024871826172, 1.9213781356811523, 1.9091508388519287, 1.9234495162963867, 1.9098808765411377, 1.9409635066986084, 1.9153406620025635, 1.9255869388580322, 1.9204154014587402, 1.9040358066558838, 1.923780918121338, 1.9175243377685547, 1.8968966007232666, 1.937507152557373, 1.9140064716339111, 1.903569221496582, 1.927309513092041, 1.9233736991882324, 1.9071121215820312, 1.9044804573059082, 1.9021329879760742, 1.925520658493042, 1.9341862201690674, 1.9289286136627197, 1.9202289581298828, 1.899545669555664, 1.9194450378417969, 1.9131238460540771, 1.9177651405334473, 1.917259931564331, 1.9172613620758057, 1.8996050357818604, 1.9027512073516846, 1.9041597843170166, 1.9231486320495605]}